CRS_ID,Measured_point_ID,X,Y,Z,Distance,Interval
3956,5005,710675.1536933169,6103639.921105951,-1.825225,1.6000000001567487,0.4
3956,5006,710674.9852487942,6103639.558302365,-1.825225,1.6000000001567487,0.4
3956,5007,710674.8168042715,6103639.195498778,-1.825225,1.6000000001567487,0.4
3956,5008,710674.6483597489,6103638.832695192,-1.825225,1.6000000001567487,0.4
3956,5009,710674.4799152262,6103638.469891604,-1.825225,1.6000000001567487,0.4
3956,5010,710674.3114707036,6103638.107088018,-1.825225,1.6000000001567487,0.4
3956,5011,710674.1430261809,6103637.7442844305,-1.825225,1.6000000001567487,0.4
3956,5012,710673.9745816583,6103637.381480845,-1.825225,1.6000000001567487,0.4
3956,5013,710673.8061371356,6103637.018677257,-1.825225,1.6000000001567487,0.4
3956,5014,710673.637692613,6103636.655873671,-1.825225,1.6000000001567487,0.4
3956,5015,710673.4692480903,6103636.2930700835,-1.825225,1.6000000001567487,0.4
3956,5016,710673.3008035676,6103635.930266498,-1.825225,1.6000000001567487,0.4
3956,5017,710673.132359045,6103635.56746291,-1.825225,1.6000000001567487,0.4
3956,5018,710672.9639145223,6103635.204659324,-1.825225,1.6000000001567487,0.4
3956,5019,710672.7954699997,6103634.841855736,-1.825225,1.6000000001567487,0.4
3956,5020,710672.627025477,6103634.479052151,-1.825225,1.6000000001567487,0.4
3956,5021,710672.4585809543,6103634.116248563,-1.825225,1.6000000001567487,0.4
3956,5022,710672.2901364317,6103633.753444977,-1.825225,1.6000000001567487,0.4
3956,5023,710672.121691909,6103633.390641389,-1.825225,1.6000000001567487,0.4
3956,5024,710671.9532473864,6103633.027837804,-1.825225,1.6000000001567487,0.4
3956,5025,710671.7848028637,6103632.665034216,-1.825225,1.6000000001567487,0.4
3956,5026,710671.6163583411,6103632.30223063,-1.825225,1.6000000001567487,0.4
3956,5027,710671.4479138184,6103631.939427042,-1.825225,1.6000000001567487,0.4
3956,5028,710671.2794692958,6103631.576623457,-1.825225,1.6000000001567487,0.4
3956,5029,710671.1110247731,6103631.213819869,-1.825225,1.6000000001567487,0.4
3956,5030,710670.9425802504,6103630.851016283,-1.825225,1.6000000001567487,0.4
3956,5031,710670.7741357278,6103630.488212695,-1.825225,1.6000000001567487,0.4
3956,5032,710670.6056912051,6103630.1254091095,-1.825225,1.6000000001567487,0.4
3956,5033,710670.4372466825,6103629.762605522,-1.825225,1.6000000001567487,0.4
3956,5034,710670.2688021598,6103629.399801936,-1.825225,1.6000000001567487,0.4
3956,5035,710670.1003576372,6103629.036998348,-1.825225,1.6000000001567487,0.4
3956,5036,710669.9319131145,6103628.6741947625,-1.825225,1.6000000001567487,0.4
3956,5037,710669.7634685918,6103628.311391175,-1.825225,1.6000000001567487,0.4
3956,5038,710669.5950240692,6103627.948587589,-1.825225,1.6000000001567487,0.4
3956,5039,710669.4265795465,6103627.585784001,-1.825225,1.6000000001567487,0.4
3956,5040,710669.2581350239,6103627.222980415,-1.825225,1.6000000001567487,0.4
3956,5041,710669.0896905012,6103626.860176828,-1.825225,1.6000000001567487,0.4
3956,5042,710668.9212459786,6103626.497373242,-1.825225,1.6000000001567487,0.4
3956,5043,710668.7528014559,6103626.134569654,-1.825225,1.6000000001567487,0.4
3956,5044,710668.5843569333,6103625.771766068,-1.825225,1.6000000001567487,0.4
3956,5045,710668.4159124106,6103625.408962481,-1.825225,1.6000000001567487,0.4
3956,5046,710668.2474678879,6103625.046158895,-1.825225,1.6000000001567487,0.4
3956,5047,710668.0790233653,6103624.683355307,-1.825225,1.6000000001567487,0.4
3956,5048,710667.9105788426,6103624.320551721,-1.825225,1.6000000001567487,0.4
3956,5049,710667.74213432,6103623.957748134,-1.825225,1.6000000001567487,0.4
3956,5050,710667.5736897973,6103623.594944548,-1.825225,1.6000000001567487,0.4
3956,5051,710667.4052452747,6103623.23214096,-1.825225,1.6000000001567487,0.4
3956,5052,710667.236800752,6103622.869337374,-1.825225,1.6000000001567487,0.4
3956,5053,710667.0683562293,6103622.506533787,-1.825225,1.6000000001567487,0.4
3956,5054,710666.8999117067,6103622.143730201,-1.825225,1.6000000001567487,0.4
3956,5055,710666.731467184,6103621.780926613,-1.825225,1.6000000001567487,0.4
3956,5056,710666.5630226614,6103621.418123027,-1.825225,1.6000000001567487,0.4
3956,5057,710666.3945781387,6103621.05531944,-1.825225,1.6000000001567487,0.4
3956,5058,710666.2261336161,6103620.692515854,-1.825225,1.6000000001567487,0.4
3956,5059,710666.0576890934,6103620.329712266,-1.825225,1.6000000001567487,0.4
3956,5060,710665.8892445707,6103619.96690868,-1.825225,1.6000000001567487,0.4
3956,5061,710665.7208000481,6103619.604105093,-1.825225,1.6000000001567487,0.4
3956,5062,710665.5523555254,6103619.241301507,-1.825225,1.6000000001567487,0.4
3956,5063,710665.3839110028,6103618.878497919,-1.825225,1.6000000001567487,0.4
3956,5064,710665.2154664801,6103618.515694333,-1.825225,1.6000000001567487,0.4
3956,5065,710665.0470219575,6103618.152890746,-1.825225,1.6000000001567487,0.4
3956,5066,710664.8785774348,6103617.79008716,-1.825225,1.6000000001567487,0.4
3956,5067,710664.7101329122,6103617.427283572,-1.825225,1.6000000001567487,0.4
3956,5068,710664.5416883895,6103617.064479986,-1.825225,1.6000000001567487,0.4
3956,5069,710664.3732438668,6103616.7016763985,-1.5506495,1.6000000001567487,0.4
3956,5070,710664.2047993442,6103616.338872813,-1.5506495,1.6000000001567487,0.4
3956,5071,710664.0363548215,6103615.976069225,-1.5506495,1.6000000001567487,0.4
3956,5072,710663.8679102989,6103615.613265639,-1.5506495,1.6000000001567487,0.4
3956,5073,710663.6994657762,6103615.2504620515,-1.5506495,1.6000000001567487,0.4
3956,5074,710663.5310212536,6103614.887658466,-1.5506495,1.6000000001567487,0.4
3956,5075,710663.3625767309,6103614.524854878,-1.5506495,1.6000000001567487,0.4
3956,5076,710663.1941322082,6103614.162051292,-1.5506495,1.6000000001567487,0.4
3956,5077,710663.0256876856,6103613.799247704,-1.5506495,1.6000000001567487,0.4
3956,5078,710662.8572431629,6103613.436444119,-1.5506495,1.6000000001567487,0.4
3956,5079,710662.6887986403,6103613.073640531,-1.5506495,1.6000000001567487,0.4
3956,5080,710662.5203541176,6103612.710836945,-1.5506495,1.6000000001567487,0.4
3956,5081,710662.351909595,6103612.348033357,-1.5506495,1.6000000001567487,0.4
3956,5082,710662.1834650723,6103611.985229772,-1.5506495,1.6000000001567487,0.4
3956,5083,710662.0150205496,6103611.622426184,-1.5506495,1.6000000001567487,0.4
3956,5084,710661.846576027,6103611.259622598,-1.5506495,1.6000000001567487,0.4
3956,5085,710661.6781315043,6103610.89681901,-1.5506495,1.6000000001567487,0.4
3956,5086,710661.5096869817,6103610.534015425,-1.5506495,1.6000000001567487,0.4
3956,5087,710661.341242459,6103610.171211837,-1.5506495,1.6000000001567487,0.4
3956,5088,710661.1727979364,6103609.808408251,-1.5506495,1.6000000001567487,0.4
3956,5089,710661.0043534137,6103609.445604663,-1.5506495,1.6000000001567487,0.4
3956,5090,710660.835908891,6103609.0828010775,-1.5506495,1.6000000001567487,0.4
3956,5091,710660.6674643684,6103608.71999749,-1.5506495,1.6000000001567487,0.4
3956,5092,710660.4990198457,6103608.357193904,-1.5506495,1.6000000001567487,0.4
3956,5093,710660.3305753231,6103607.994390316,-1.5506495,1.6000000001567487,0.4
3956,5094,710660.1621308004,6103607.6315867305,-1.5506495,1.6000000001567487,0.4
3956,5095,710659.9936862778,6103607.268783143,-1.5506495,1.6000000001567487,0.4
3956,5096,710659.8252417551,6103606.905979557,-1.5506495,1.6000000001567487,0.4
3956,5097,710659.6567972325,6103606.543175969,-1.5506495,1.6000000001567487,0.4
3956,5098,710659.4883527098,6103606.180372383,-1.5506495,1.6000000001567487,0.4
3956,5099,710659.3199081871,6103605.817568796,-1.5506495,1.6000000001567487,0.4
3956,5100,710659.1514636645,6103605.45476521,-1.5506495,1.6000000001567487,0.4
3956,5101,710658.9830191418,6103605.091961622,-1.5506495,1.6000000001567487,0.4
3956,5102,710658.8145746192,6103604.729158036,-1.5506495,1.6000000001567487,0.4
3956,5103,710658.6461300965,6103604.366354449,-1.5506495,1.6000000001567487,0.4
3956,5104,710658.4776855739,6103604.003550863,-1.5506495,1.6000000001567487,0.4
3956,5105,710658.3092410512,6103603.640747275,-1.5506495,1.6000000001567487,0.4
3956,5106,710658.1407965285,6103603.277943689,-1.5506495,1.6000000001567487,0.4
3956,5107,710657.9723520059,6103602.915140102,-1.5506495,1.6000000001567487,0.4
3956,5108,710657.8039074832,6103602.552336516,-1.5506495,1.6000000001567487,0.4
3956,5109,710657.6354629606,6103602.189532928,-1.5506495,1.6000000001567487,0.4
3956,5110,710657.4670184379,6103601.826729342,-1.5506495,1.6000000001567487,0.4
3956,5111,710657.2985739153,6103601.463925755,-1.5506495,1.6000000001567487,0.4
3956,5112,710657.1301293926,6103601.101122169,-1.5506495,1.6000000001567487,0.4
3956,5113,710656.96168487,6103600.738318581,-1.5506495,1.6000000001567487,0.4
3956,5114,710656.7932403473,6103600.375514995,-1.5506495,1.6000000001567487,0.4
3956,5115,710656.6247958246,6103600.012711408,-1.5506495,1.6000000001567487,0.4
3956,5116,710656.456351302,6103599.649907822,-1.5506495,1.6000000001567487,0.4
3956,5117,710656.2879067793,6103599.287104234,-1.5506495,1.6000000001567487,0.4
3956,5118,710656.1194622567,6103598.924300648,-1.5506495,1.6000000001567487,0.4
3956,5119,710655.951017734,6103598.561497061,-1.5506495,1.6000000001567487,0.4
3956,5120,710655.7825732114,6103598.198693475,-1.5506495,1.6000000001567487,0.4
3956,5121,710655.6141286887,6103597.835889887,-1.5506495,1.6000000001567487,0.4
3956,5122,710655.445684166,6103597.473086301,-1.5506495,1.6000000001567487,0.4
3956,5123,710655.2772396434,6103597.110282714,-1.5506495,1.6000000001567487,0.4
3956,5124,710655.1087951207,6103596.747479128,-1.5506495,1.6000000001567487,0.4
3956,5125,710654.9403505981,6103596.38467554,-1.5506495,1.6000000001567487,0.4
3956,5126,710654.7719060754,6103596.021871954,-1.5506495,1.6000000001567487,0.4
3956,5127,710654.6034615528,6103595.6590683665,-1.5506495,1.6000000001567487,0.4
3956,5128,710654.4350170301,6103595.296264781,-1.5506495,1.6000000001567487,0.4
3956,5129,710654.2665725074,6103594.933461193,-1.5506495,1.6000000001567487,0.4
3956,5130,710654.0981279848,6103594.570657607,-1.5506495,1.6000000001567487,0.4
3956,5131,710653.9296834621,6103594.2078540195,-1.5506495,1.6000000001567487,0.4
3956,5132,710653.7612389395,6103593.845050434,-1.5506495,1.6000000001567487,0.4
3956,5133,710653.5927944168,6103593.482246846,-1.5506495,1.6000000001567487,0.4
3956,5134,710653.4243498942,6103593.11944326,-1.5506495,1.6000000001567487,0.4
3956,5135,710653.2559053715,6103592.756639672,-1.5506495,1.6000000001567487,0.4
3956,5136,710653.0874608489,6103592.393836087,-1.5506495,1.6000000001567487,0.4
3956,5137,710652.9190163262,6103592.031032499,-1.5506495,1.6000000001567487,0.4
3956,5138,710652.7505718035,6103591.668228913,-1.5506495,1.6000000001567487,0.4
3956,5139,710652.5821272809,6103591.305425325,-1.5506495,1.6000000001567487,0.4
3956,5140,710652.4136827582,6103590.94262174,-1.5506495,1.6000000001567487,0.4
3956,5141,710652.2452382356,6103590.579818152,-1.5506495,1.6000000001567487,0.4
3956,5142,710652.0767937129,6103590.217014566,-1.5506495,1.6000000001567487,0.4
3956,5143,710651.9083491903,6103589.854210978,-1.5506495,1.6000000001567487,0.4
3956,5144,710651.7399046676,6103589.491407393,-1.5506495,1.6000000001567487,0.4
3956,5145,710651.571460145,6103589.128603805,-1.5506495,1.6000000001567487,0.4
3956,5146,710651.4030156223,6103588.765800219,-1.5506495,1.6000000001567487,0.4
3956,5147,710651.2345710996,6103588.402996631,-1.5506495,1.6000000001567487,0.4
3956,5148,710651.066126577,6103588.0401930455,-1.5506495,1.6000000001567487,0.4
3956,5149,710650.8976820543,6103587.677389458,-1.5506495,1.6000000001567487,0.4
3956,5150,710650.7292375317,6103587.314585872,-1.5506495,1.6000000001567487,0.4
3956,5151,710650.560793009,6103586.951782284,-1.5506495,1.6000000001567487,0.4
3956,5152,710650.3923484863,6103586.5889786985,-1.5506495,1.6000000001567487,0.4
3956,5153,710650.2239039637,6103586.226175111,-1.5506495,1.6000000001567487,0.4
3956,5154,710650.055459441,6103585.863371525,-1.5506495,1.6000000001567487,0.4
3956,5155,710649.8870149184,6103585.500567937,-1.5506495,1.6000000001567487,0.4
3956,5156,710649.7185703957,6103585.137764351,-1.5506495,1.6000000001567487,0.4
3956,5157,710649.5501258731,6103584.774960764,-1.5506495,1.6000000001567487,0.4
3956,5158,710649.3816813504,6103584.412157178,-1.5506495,1.6000000001567487,0.4
3956,5159,710649.2132368278,6103584.04935359,-1.5506495,1.6000000001567487,0.4
3956,5160,710649.0447923051,6103583.686550004,-1.5506495,1.6000000001567487,0.4
3956,5161,710648.8763477824,6103583.323746417,-1.5506495,1.6000000001567487,0.4
3956,5162,710648.7079032598,6103582.960942831,-1.5506495,1.6000000001567487,0.4
3956,5163,710648.5394587371,6103582.598139243,-1.5506495,1.6000000001567487,0.4
3956,5164,710648.3710142145,6103582.235335657,-1.5506495,1.6000000001567487,0.4
3956,5165,710648.2025696918,6103581.87253207,-1.5506495,1.6000000001567487,0.4
3956,5166,710648.0341251692,6103581.509728484,-1.5506495,1.6000000001567487,0.4
3956,5167,710647.8656806465,6103581.146924896,-1.5506495,1.6000000001567487,0.4
3956,5168,710647.6972361238,6103580.78412131,-1.5506495,1.6000000001567487,0.4
3956,5169,710647.5287916012,6103580.421317723,-1.5506495,1.6000000001567487,0.4
3956,5170,710647.3603470785,6103580.058514137,-1.5506495,1.6000000001567487,0.4
3956,5171,710647.1919025559,6103579.695710549,-1.5506495,1.6000000001567487,0.4
3956,5172,710647.0234580332,6103579.332906963,-1.5506495,1.6000000001567487,0.4
3956,5173,710646.8550135106,6103578.970103376,-1.5506495,1.6000000001567487,0.4
3956,5174,710646.6865689879,6103578.60729979,-1.5506495,1.6000000001567487,0.4
3956,5175,710646.5181244652,6103578.244496202,-1.5506495,1.6000000001567487,0.4
3956,5176,710646.3496799426,6103577.881692616,-1.5506495,1.6000000001567487,0.4
3956,5177,710646.1812354199,6103577.518889029,-1.5506495,1.6000000001567487,0.4
3956,5178,710646.0127908973,6103577.156085443,-1.5506495,1.6000000001567487,0.4
3956,5179,710645.8443463746,6103576.793281855,-1.5506495,1.6000000001567487,0.4
3956,5180,710645.675901852,6103576.430478269,-1.5506495,1.6000000001567487,0.4
3956,5181,710645.5074573293,6103576.067674682,-1.5506495,1.6000000001567487,0.4
3956,5182,710645.3390128067,6103575.704871096,-1.5506495,1.6000000001567487,0.4
3956,5183,710645.170568284,6103575.342067508,-1.5506495,1.6000000001567487,0.4
3956,5184,710645.0021237613,6103574.979263922,-1.5506495,1.6000000001567487,0.4
3956,5185,710644.8336792387,6103574.6164603345,-1.5506495,1.6000000001567487,0.4
3956,5186,710644.665234716,6103574.253656749,-1.5506495,1.6000000001567487,0.4
3956,5187,710644.4967901934,6103573.890853161,-1.1677754,1.6000000001567487,0.4
3956,5188,710644.3283456707,6103573.528049575,-1.1677754,1.6000000001567487,0.4
3956,5189,710644.159901148,6103573.1652459875,-1.1677754,1.6000000001567487,0.4
3956,5190,710643.9914566254,6103572.802442402,-1.1677754,1.6000000001567487,0.4
3956,5191,710643.8230121027,6103572.439638814,-1.1677754,1.6000000001567487,0.4
3956,5192,710643.6545675801,6103572.076835228,-1.1677754,1.6000000001567487,0.4
3956,5193,710643.4861230574,6103571.71403164,-1.1677754,1.6000000001567487,0.4
3956,5194,710643.3176785348,6103571.351228055,-1.1677754,1.6000000001567487,0.4
3956,5195,710643.1492340121,6103570.988424467,-1.1677754,1.6000000001567487,0.4
3956,5196,710642.9807894895,6103570.625620881,-1.1677754,1.6000000001567487,0.4
3956,5197,710642.8123449668,6103570.262817293,-1.1677754,1.6000000001567487,0.4
3956,5198,710642.6439004441,6103569.900013708,-1.1677754,1.6000000001567487,0.4
3956,5199,710642.4754559215,6103569.53721012,-1.1677754,1.6000000001567487,0.4
3956,5200,710642.3070113988,6103569.174406534,-1.1677754,1.6000000001567487,0.4
3956,5201,710642.1385668762,6103568.811602946,-1.1677754,1.6000000001567487,0.4
3956,5202,710641.9701223535,6103568.448799361,-1.1677754,1.6000000001567487,0.4
3956,5203,710641.8016778309,6103568.085995773,-1.1677754,1.6000000001567487,0.4
3956,5204,710641.6332333082,6103567.723192187,-1.1677754,1.6000000001567487,0.4
3956,5205,710641.4647887856,6103567.360388599,-1.1677754,1.6000000001567487,0.4
3956,5206,710641.2963442629,6103566.9975850135,-1.1677754,1.6000000001567487,0.4
3956,5207,710641.1278997402,6103566.634781426,-0.70580715,1.6000000001567487,0.4
3956,5208,710640.9594552176,6103566.27197784,-0.70580715,1.6000000001567487,0.4
3956,5209,710640.7910106949,6103565.909174252,-0.70580715,1.6000000001567487,0.4
3956,5210,710640.6225661723,6103565.5463706665,-0.70580715,1.6000000001567487,0.4
3956,5211,710640.4541216496,6103565.183567079,-0.70580715,1.6000000001567487,0.4
3956,5212,710640.285677127,6103564.820763493,-0.70580715,1.6000000001567487,0.4
3956,5213,710640.1172326043,6103564.457959905,-0.70580715,1.6000000001567487,0.4
3956,5214,710639.9487880816,6103564.095156319,-0.70580715,1.6000000001567487,0.4
3956,5215,710639.780343559,6103563.732352732,-0.70580715,1.6000000001567487,0.4
3956,5216,710639.6118990363,6103563.369549146,-0.70580715,1.6000000001567487,0.4
3956,5217,710639.4434545137,6103563.006745558,-0.70580715,1.6000000001567487,0.4
3956,5218,710639.275009991,6103562.643941972,-0.70580715,1.6000000001567487,0.4
3956,5219,710639.1065654684,6103562.281138385,-0.70580715,1.6000000001567487,0.4
3956,5220,710638.9381209457,6103561.918334799,-0.70580715,1.6000000001567487,0.4
3956,5221,710638.769676423,6103561.555531211,-0.70580715,1.6000000001567487,0.4
3956,5222,710638.6012319004,6103561.192727625,-0.70580715,1.6000000001567487,0.4
3956,5223,710638.4327873777,6103560.829924038,-0.70580715,1.6000000001567487,0.4
3956,5224,710638.2643428551,6103560.467120452,-0.70580715,1.6000000001567487,0.4
3956,5225,710638.0958983324,6103560.104316864,-0.70580715,1.6000000001567487,0.4
3956,5226,710637.9274538098,6103559.741513278,-0.70580715,1.6000000001567487,0.4
3956,5227,710637.7590092871,6103559.378709691,-0.70580715,1.6000000001567487,0.4
3956,5228,710637.5905647645,6103559.015906105,-0.70580715,1.6000000001567487,0.4
3956,5229,710637.4221202418,6103558.653102517,-0.70580715,1.6000000001567487,0.4
3956,5230,710637.2536757191,6103558.290298931,-0.70580715,1.6000000001567487,0.4
3956,5231,710637.0852311965,6103557.927495344,-0.70580715,1.6000000001567487,0.4
3956,5232,710636.9167866738,6103557.564691758,-0.70580715,1.6000000001567487,0.4
3956,5233,710636.7483421512,6103557.20188817,-0.70580715,1.6000000001567487,0.4
3956,5234,710636.5798976285,6103556.839084584,-0.70580715,1.6000000001567487,0.4
3956,5235,710636.4114531059,6103556.476280997,-0.70580715,1.6000000001567487,0.4
3956,5236,710636.2430085832,6103556.113477411,-0.70580715,1.6000000001567487,0.4
3956,5237,710636.0745640605,6103555.750673823,-0.70580715,1.6000000001567487,0.4
3956,5238,710635.9061195379,6103555.387870237,-0.70580715,1.6000000001567487,0.4
3956,5239,710635.7376750152,6103555.02506665,-0.70580715,1.6000000001567487,0.4
3956,5240,710635.5692304926,6103554.662263064,-0.70580715,1.6000000001567487,0.4
3956,5241,710635.4007859699,6103554.299459476,-0.70580715,1.6000000001567487,0.4
3956,5242,710635.2323414473,6103553.93665589,-0.70580715,1.6000000001567487,0.4
3956,5243,710635.0638969246,6103553.5738523025,-0.70580715,1.6000000001567487,0.4
3956,5244,710634.895452402,6103553.211048717,-0.70580715,1.6000000001567487,0.4
3956,5245,710634.7270078793,6103552.848245129,-0.70580715,1.6000000001567487,0.4
3956,5246,710634.5585633566,6103552.485441543,-0.70580715,1.6000000001567487,0.4
3956,5247,710634.390118834,6103552.1226379555,-0.70580715,1.6000000001567487,0.4
3956,5248,710634.2216743113,6103551.75983437,-0.70580715,1.6000000001567487,0.4
3956,5249,710634.0532297887,6103551.397030782,-0.70580715,1.6000000001567487,0.4
3956,5250,710633.884785266,6103551.034227196,-0.70580715,1.6000000001567487,0.4
3956,5251,710633.7163407434,6103550.671423608,-0.70580715,1.6000000001567487,0.4
3956,5252,710633.5478962207,6103550.308620023,-0.70580715,1.6000000001567487,0.4
3956,5253,710633.379451698,6103549.945816435,-0.70580715,1.6000000001567487,0.4
3956,5254,710633.2110071754,6103549.583012849,-0.70580715,1.6000000001567487,0.4
3956,5255,710633.0425626527,6103549.220209261,-0.70580715,1.6000000001567487,0.4
3956,5256,710632.8741181301,6103548.857405676,-0.70580715,1.6000000001567487,0.4
3956,5257,710632.7056736074,6103548.494602088,-0.70580715,1.6000000001567487,0.4
3956,5258,710632.5372290848,6103548.131798502,-0.70580715,1.6000000001567487,0.4
3956,5259,710632.3687845621,6103547.768994914,-0.70580715,1.6000000001567487,0.4
3956,5260,710632.2003400394,6103547.406191329,-0.70580715,1.6000000001567487,0.4
3956,5261,710632.0318955168,6103547.043387741,-0.70580715,1.6000000001567487,0.4
3956,5262,710631.8634509941,6103546.680584155,-0.70580715,1.6000000001567487,0.4
3956,5263,710631.6950064715,6103546.317780567,-0.70580715,1.6000000001567487,0.4
3956,5264,710631.5265619488,6103545.9549769815,-0.70580715,1.6000000001567487,0.4
3956,5265,710631.3581174262,6103545.592173394,-0.70580715,1.6000000001567487,0.4
3956,5266,710631.1896729035,6103545.229369808,-0.70580715,1.6000000001567487,0.4
3956,5267,710631.0212283809,6103544.86656622,-0.70580715,1.6000000001567487,0.4
3956,5268,710630.8527838582,6103544.5037626345,-0.70580715,1.6000000001567487,0.4
3956,5269,710630.6843393355,6103544.140959047,-0.70580715,1.6000000001567487,0.4
3956,5270,710630.5158948129,6103543.778155461,-0.70580715,1.6000000001567487,0.4
3956,5271,710630.3474502902,6103543.415351873,-0.70580715,1.6000000001567487,0.4
3956,5272,710630.1790057676,6103543.052548287,-0.70580715,1.6000000001567487,0.4
3956,5273,710630.0105612449,6103542.6897447,-0.70580715,1.6000000001567487,0.4
3956,5274,710629.8421167223,6103542.326941114,-0.70580715,1.6000000001567487,0.4
3956,5275,710629.6736721996,6103541.964137526,-0.70580715,1.6000000001567487,0.4
3956,5276,710629.505227677,6103541.60133394,-0.70580715,1.6000000001567487,0.4
3956,5277,710629.3367831543,6103541.238530353,-0.70580715,1.6000000001567487,0.4
3956,5278,710629.1683386316,6103540.875726767,-0.70580715,1.6000000001567487,0.4
3956,5279,710628.999894109,6103540.512923179,-0.70580715,1.6000000001567487,0.4
3956,5280,710628.8314495863,6103540.150119593,-0.70580715,1.6000000001567487,0.4
3956,5281,710628.6630050637,6103539.787316006,-0.70580715,1.6000000001567487,0.4
3956,5282,710628.494560541,6103539.42451242,-0.70580715,1.6000000001567487,0.4
3956,5283,710628.3261160183,6103539.061708832,-0.70580715,1.6000000001567487,0.4
3956,5284,710628.1576714957,6103538.698905246,-0.70580715,1.6000000001567487,0.4
3956,5285,710627.989226973,6103538.336101659,-0.70580715,1.6000000001567487,0.4
3956,5286,710627.8207824504,6103537.973298073,-0.70580715,1.6000000001567487,0.4
3956,5287,710627.6523379277,6103537.610494485,-0.70580715,1.6000000001567487,0.4
3956,5288,710627.4838934051,6103537.247690899,-0.70580715,1.6000000001567487,0.4
3956,5289,710627.3154488824,6103536.884887312,-0.70580715,1.6000000001567487,0.4
3956,5290,710627.1470043598,6103536.522083726,-0.70580715,1.6000000001567487,0.4
3956,5291,710626.9785598371,6103536.159280138,-0.70580715,1.6000000001567487,0.4
3956,5292,710626.8101153144,6103535.796476552,-0.70580715,1.6000000001567487,0.4
3956,5293,710626.6416707918,6103535.433672965,-0.70580715,1.6000000001567487,0.4
3956,5294,710626.4732262691,6103535.070869379,-0.70580715,1.6000000001567487,0.4
3956,5295,710626.3047817465,6103534.708065791,-0.70580715,1.6000000001567487,0.4
3956,5296,710626.1363372238,6103534.345262205,-0.70580715,1.6000000001567487,0.4
3956,5297,710625.9678927012,6103533.982458618,-0.70580715,1.6000000001567487,0.4
3956,5298,710625.7994481785,6103533.619655032,-0.70580715,1.6000000001567487,0.4
3956,5299,710625.6310036558,6103533.256851444,-0.70580715,1.6000000001567487,0.4
3956,5300,710625.4625591332,6103532.894047858,-0.70580715,1.6000000001567487,0.4
3956,5301,710625.2941146105,6103532.5312442705,-0.70580715,1.6000000001567487,0.4
3956,5302,710625.125670088,6103532.168440685,-0.70580715,1.6000000001567487,0.4
3956,5303,710624.9572255653,6103531.805637097,-0.70580715,1.6000000001567487,0.4
3956,5304,710624.7887810429,6103531.442833511,-0.70580715,1.6000000001567487,0.4
3956,5305,710624.6203365203,6103531.0800299235,-0.70580715,1.6000000001567487,0.4
3956,5306,710624.4518919978,6103530.717226338,-0.70580715,1.6000000001567487,0.4
3956,5307,710624.2834474752,6103530.35442275,-0.70580715,1.6000000001567487,0.4
3956,5308,710624.1150029527,6103529.991619164,-0.70580715,1.6000000001567487,0.4
3956,5309,710623.9465584301,6103529.628815576,-0.70580715,1.6000000001567487,0.4
3956,5310,710623.7781139077,6103529.266011991,-0.70580715,1.6000000001567487,0.4
3956,5311,710623.609669385,6103528.903208403,-0.70580715,1.6000000001567487,0.4
3956,5312,710623.4412248626,6103528.540404817,-0.70580715,1.6000000001567487,0.4
3956,5313,710623.2727803399,6103528.177601229,-0.70580715,1.6000000001567487,0.4
3956,5314,710623.1043358175,6103527.814797644,-0.70580715,1.6000000001567487,0.4
3956,5315,710622.9358912949,6103527.451994056,-0.70580715,1.6000000001567487,0.4
3956,5316,710622.7674467724,6103527.08919047,-0.70580715,1.6000000001567487,0.4
3956,5317,710622.5990022498,6103526.726386882,-0.70580715,1.6000000001567487,0.4
3956,5318,710622.4305577273,6103526.363583297,-0.70580715,1.6000000001567487,0.4
3956,5319,710622.2621132047,6103526.000779709,-0.70580715,1.6000000001567487,0.4
3956,5320,710622.0936686823,6103525.637976123,-0.70580715,1.6000000001567487,0.4
3956,5321,710621.9252241596,6103525.275172535,-0.70580715,1.6000000001567487,0.4
3956,5322,710621.7567796372,6103524.9123689495,-0.70580715,1.6000000001567487,0.4
3956,5323,710621.5883351145,6103524.549565362,-0.70580715,1.6000000001567487,0.4
3956,5324,710621.4198905921,6103524.186761776,-0.70580715,1.6000000001567487,0.4
3956,5325,710621.2514460695,6103523.823958188,-0.70580715,1.6000000001567487,0.4
3956,5326,710621.083001547,6103523.4611546025,-0.70580715,1.6000000001567487,0.4
3956,5327,710620.9145570244,6103523.098351015,-0.70580715,1.6000000001567487,0.4
3956,5328,710620.746112502,6103522.735547429,-0.70580715,1.6000000001567487,0.4
3956,5329,710620.5776679793,6103522.372743841,-0.70580715,1.6000000001567487,0.4
3956,5330,710620.4092234569,6103522.009940255,-0.70580715,1.6000000001567487,0.4
3956,5331,710620.2407789342,6103521.647136668,-0.70580715,1.6000000001567487,0.4
3956,5332,710620.0723344118,6103521.284333082,-0.70580715,1.6000000001567487,0.4
3956,5333,710619.9038898891,6103520.921529494,-0.70580715,1.6000000001567487,0.4
3956,5334,710619.7354453667,6103520.558725908,-0.70580715,1.6000000001567487,0.4
3956,5335,710619.567000844,6103520.195922321,-0.70580715,1.6000000001567487,0.4
3956,5336,710619.3985563216,6103519.833118735,-0.70580715,1.6000000001567487,0.4
3956,5337,710619.230111799,6103519.470315147,-0.70580715,1.6000000001567487,0.4
3956,5338,710619.0616672765,6103519.107511561,-0.70580715,1.6000000001567487,0.4
3956,5339,710618.8932227539,6103518.744707974,-0.70580715,1.6000000001567487,0.4
3956,5340,710618.7247782315,6103518.381904388,-0.70580715,1.6000000001567487,0.4
3956,5341,710618.5563337088,6103518.0191008,-0.70580715,1.6000000001567487,0.4
3956,5342,710618.3878891864,6103517.656297214,-0.70580715,1.6000000001567487,0.4
3956,5343,710618.2194446637,6103517.293493627,-0.70580715,1.6000000001567487,0.4
3956,5344,710618.0510001413,6103516.930690041,-0.70580715,1.6000000001567487,0.4
3956,5345,710617.8825556186,6103516.567886453,-0.30166385,1.6000000001567487,0.4
3956,5346,710617.7141110962,6103516.205082867,-0.30166385,1.6000000001567487,0.4
3956,5347,710617.5456665736,6103515.84227928,-0.30166385,1.6000000001567487,0.4
3956,5348,710617.3772220511,6103515.479475694,-0.30166385,1.6000000001567487,0.4
3956,5349,710617.2087775285,6103515.116672106,-0.30166385,1.6000000001567487,0.4
3956,5350,710617.0403330061,6103514.75386852,-0.30166385,1.6000000001567487,0.4
3956,5351,710616.8718884834,6103514.391064933,-0.30166385,1.6000000001567487,0.4
3956,5352,710616.703443961,6103514.028261347,-0.30166385,1.6000000001567487,0.4
3956,5353,710616.5349994383,6103513.665457759,-0.30166385,1.6000000001567487,0.4
3956,5354,710616.3665549159,6103513.302654173,-0.30166385,1.6000000001567487,0.4
3956,5355,710616.1981103932,6103512.939850586,-0.30166385,1.6000000001567487,0.4
3956,5356,710616.0296658708,6103512.577047,-0.30166385,1.6000000001567487,0.4
3956,5357,710615.8612213482,6103512.214243412,-0.30166385,1.6000000001567487,0.4
3956,5358,710615.6927768257,6103511.851439826,-0.30166385,1.6000000001567487,0.4
3956,5359,710615.5243323031,6103511.4886362385,-0.30166385,1.6000000001567487,0.4
3956,5360,710615.3558877807,6103511.125832653,-0.30166385,1.6000000001567487,0.4
3956,5361,710615.187443258,6103510.763029065,-0.30166385,1.6000000001567487,0.4
3956,5362,710615.0189987356,6103510.400225479,-0.30166385,1.6000000001567487,0.4
3956,5363,710614.8505542129,6103510.0374218915,-0.30166385,1.6000000001567487,0.4
3956,5364,710614.6821096905,6103509.674618306,-0.30166385,1.6000000001567487,0.4
3956,5365,710614.5136651678,6103509.311814718,-0.30166385,1.6000000001567487,0.4
3956,5366,710614.3452206454,6103508.949011132,-0.30166385,1.6000000001567487,0.4
3956,5367,710614.1767761228,6103508.586207544,-0.30166385,1.6000000001567487,0.4
3956,5368,710614.0083316003,6103508.223403959,-0.30166385,1.6000000001567487,0.4
3956,5369,710613.8398870777,6103507.860600371,-0.30166385,1.6000000001567487,0.4
3956,5370,710613.6714425553,6103507.497796785,-0.30166385,1.6000000001567487,0.4
3956,5371,710613.5029980326,6103507.134993197,-0.30166385,1.6000000001567487,0.4
3956,5372,710613.3345535102,6103506.772189612,-0.30166385,1.6000000001567487,0.4
3956,5373,710613.1661089875,6103506.409386024,-0.30166385,1.6000000001567487,0.4
3956,5374,710612.9976644651,6103506.046582438,-0.30166385,1.6000000001567487,0.4
3956,5375,710612.8292199424,6103505.68377885,-0.30166385,1.6000000001567487,0.4
3956,5376,710612.66077542,6103505.320975265,-0.30166385,1.6000000001567487,0.4
3956,5377,710612.4923308974,6103504.958171677,-0.30166385,1.6000000001567487,0.4
3956,5378,710612.323886375,6103504.595368091,-0.30166385,1.6000000001567487,0.4
3956,5379,710612.1554418523,6103504.232564503,-0.30166385,1.6000000001567487,0.4
3956,5380,710611.9869973299,6103503.8697609175,-0.30166385,1.6000000001567487,0.4
3956,5381,710611.8185528072,6103503.50695733,-0.30166385,1.6000000001567487,0.4
3956,5382,710611.6501082848,6103503.144153744,-0.30166385,1.6000000001567487,0.4
3956,5383,710611.4816637621,6103502.781350156,-0.30166385,1.6000000001567487,0.4
3956,5384,710611.3132192397,6103502.41854657,-0.30166385,1.6000000001567487,0.4
3956,5385,710611.144774717,6103502.055742983,-0.30166385,1.6000000001567487,0.4
3956,5386,710610.9763301946,6103501.692939397,-0.30166385,1.6000000001567487,0.4
3956,5387,710610.807885672,6103501.330135809,-0.30166385,1.6000000001567487,0.4
3956,5388,710610.6394411495,6103500.967332223,-0.30166385,1.6000000001567487,0.4
3956,5389,710610.4709966269,6103500.604528636,-0.30166385,1.6000000001567487,0.4
3956,5390,710610.3025521045,6103500.24172505,-0.30166385,1.6000000001567487,0.4
3956,5391,710610.1341075818,6103499.878921462,-0.30166385,1.6000000001567487,0.4
3956,5392,710609.9656630594,6103499.516117876,-0.30166385,1.6000000001567487,0.4
3956,5393,710609.7972185367,6103499.153314289,-0.30166385,1.6000000001567487,0.4
3956,5394,710609.6287740143,6103498.790510703,-0.30166385,1.6000000001567487,0.4
3956,5395,710609.4603294916,6103498.427707115,-0.30166385,1.6000000001567487,0.4
3956,5396,710609.2918849692,6103498.064903529,-0.30166385,1.6000000001567487,0.4
3956,5397,710609.1234404466,6103497.702099942,-0.30166385,1.6000000001567487,0.4
3956,5398,710608.9549959241,6103497.339296356,-0.30166385,1.6000000001567487,0.4
3956,5399,710608.7865514015,6103496.976492768,-0.30166385,1.6000000001567487,0.4
3956,5400,710608.6181068791,6103496.613689182,-0.30166385,1.6000000001567487,0.4
3956,5401,710608.4496623564,6103496.250885595,-0.30166385,1.6000000001567487,0.4
3956,5402,710608.281217834,6103495.888082009,-0.30166385,1.6000000001567487,0.4
3956,5403,710608.1127733113,6103495.525278421,-0.30166385,1.6000000001567487,0.4
3956,5404,710607.9443287889,6103495.162474835,-0.30166385,1.6000000001567487,0.4
3956,5405,710607.7758842662,6103494.799671248,-0.30166385,1.6000000001567487,0.4
3956,5406,710607.6074397438,6103494.436867662,-0.30166385,1.6000000001567487,0.4
3956,5407,710607.4389952212,6103494.074064074,-0.30166385,1.6000000001567487,0.4
3956,5408,710607.2705506987,6103493.711260488,-0.30166385,1.6000000001567487,0.4
3956,5409,710607.1021061761,6103493.348456901,-0.30166385,1.6000000001567487,0.4
3956,5410,710606.9336616537,6103492.985653315,-0.30166385,1.6000000001567487,0.4
3956,5411,710606.765217131,6103492.622849727,-0.30166385,1.6000000001567487,0.4
3956,5412,710606.5967726086,6103492.260046141,-0.30166385,1.6000000001567487,0.4
3956,5413,710606.4283280859,6103491.8972425535,-0.30166385,1.6000000001567487,0.4
3956,5414,710606.2598835635,6103491.534438968,-0.30166385,1.6000000001567487,0.4
3956,5415,710606.0914390408,6103491.17163538,-0.30166385,1.6000000001567487,0.4
3956,5416,710605.9229945184,6103490.808831794,-0.30166385,1.6000000001567487,0.4
3956,5417,710605.7545499958,6103490.4460282065,-0.30166385,1.6000000001567487,0.4
3956,5418,710605.5861054733,6103490.083224621,-0.30166385,1.6000000001567487,0.4
3956,5419,710605.4176609507,6103489.720421033,-0.30166385,1.6000000001567487,0.4
3956,5420,710605.2492164283,6103489.357617447,-0.30166385,1.6000000001567487,0.4
3956,5421,710605.0807719056,6103488.994813859,-0.30166385,1.6000000001567487,0.4
3956,5422,710604.9123273832,6103488.632010274,-0.30166385,1.6000000001567487,0.4
3956,5423,710604.7438828605,6103488.269206686,-0.30166385,1.6000000001567487,0.4
3956,5424,710604.5754383381,6103487.9064031,-0.30166385,1.6000000001567487,0.4
3956,5425,710604.4069938154,6103487.543599512,-0.30166385,1.6000000001567487,0.4
3956,5426,710604.238549293,6103487.180795927,-0.30166385,1.6000000001567487,0.4
3956,5427,710604.0701047704,6103486.817992339,-0.30166385,1.6000000001567487,0.4
3956,5428,710603.9016602479,6103486.455188753,-0.30166385,1.6000000001567487,0.4
3956,5429,710603.7332157253,6103486.092385165,-0.30166385,1.6000000001567487,0.4
3956,5430,710603.5647712029,6103485.72958158,-0.30166385,1.6000000001567487,0.4
3956,5431,710603.3963266802,6103485.366777992,-0.30166385,1.6000000001567487,0.4
3956,5432,710603.2278821578,6103485.003974406,-0.30166385,1.6000000001567487,0.4
3956,5433,710603.0594376351,6103484.641170818,-0.30166385,1.6000000001567487,0.4
3956,5434,710602.8909931127,6103484.2783672325,-0.30166385,1.6000000001567487,0.4
3956,5435,710602.72254859,6103483.915563645,-0.30166385,1.6000000001567487,0.4
3956,5436,710602.5541040676,6103483.552760059,-0.30166385,1.6000000001567487,0.4
3956,5437,710602.385659545,6103483.189956471,-0.30166385,1.6000000001567487,0.4
3956,5438,710602.2172150225,6103482.8271528855,-0.30166385,1.6000000001567487,0.4
3956,5439,710602.0487704999,6103482.464349298,-0.30166385,1.6000000001567487,0.4
3956,5440,710601.8803259775,6103482.101545712,-0.30166385,1.6000000001567487,0.4
3956,5441,710601.7118814548,6103481.738742124,-0.30166385,1.6000000001567487,0.4
3956,5442,710601.5434369324,6103481.375938538,-0.30166385,1.6000000001567487,0.4
3956,5443,710601.3749924097,6103481.013134951,-0.30166385,1.6000000001567487,0.4
3956,5444,710601.2065478873,6103480.650331365,-0.30166385,1.6000000001567487,0.4
3956,5445,710601.0381033646,6103480.287527777,-0.30166385,1.6000000001567487,0.4
3956,5446,710600.8696588422,6103479.924724191,-0.30166385,1.6000000001567487,0.4
3956,5447,710600.7012143196,6103479.561920604,-0.30166385,1.6000000001567487,0.4
3956,5448,710600.5327697971,6103479.199117018,-0.30166385,1.6000000001567487,0.4
3956,5449,710600.3643252745,6103478.83631343,-0.30166385,1.6000000001567487,0.4
3956,5450,710600.195880752,6103478.473509844,-0.30166385,1.6000000001567487,0.4
3956,5451,710600.0274362294,6103478.110706257,-0.30166385,1.6000000001567487,0.4
3956,5452,710599.858991707,6103477.747902671,-0.30166385,1.6000000001567487,0.4
3956,5453,710599.6905471843,6103477.385099083,-0.30166385,1.6000000001567487,0.4
3956,5454,710599.5221026619,6103477.022295497,-0.30166385,1.6000000001567487,0.4
3956,5455,710599.3536581392,6103476.65949191,-0.30166385,1.6000000001567487,0.4
3956,5456,710599.1852136168,6103476.296688324,-0.30166385,1.6000000001567487,0.4
3956,5457,710599.0167690942,6103475.933884736,-0.30166385,1.6000000001567487,0.4
3956,5458,710598.8483245717,6103475.57108115,-0.30166385,1.6000000001567487,0.4
3956,5459,710598.6798800491,6103475.208277563,-0.30166385,1.6000000001567487,0.4
3956,5460,710598.5114355267,6103474.845473977,-0.30166385,1.6000000001567487,0.4
3956,5461,710598.342991004,6103474.482670389,-0.30166385,1.6000000001567487,0.4
3956,5462,710598.1745464816,6103474.119866803,-0.30166385,1.6000000001567487,0.4
3956,5463,710598.0061019589,6103473.757063216,-0.30166385,1.6000000001567487,0.4
3956,5464,710597.8376574365,6103473.39425963,-0.30166385,1.6000000001567487,0.4
3956,5465,710597.6692129138,6103473.031456042,-0.30166385,1.6000000001567487,0.4
3956,5466,710597.5007683914,6103472.668652456,-0.30166385,1.6000000001567487,0.4
3956,5467,710597.3323238688,6103472.305848869,-0.30166385,1.6000000001567487,0.4
3956,5468,710597.1638793463,6103471.943045283,-0.30166385,1.6000000001567487,0.4
3956,5469,710596.9954348237,6103471.580241695,-0.30166385,1.6000000001567487,0.4
3956,5470,710596.8269903013,6103471.217438109,-0.30166385,1.6000000001567487,0.4
3956,5471,710596.6585457786,6103470.8546345215,-0.30166385,1.6000000001567487,0.4
3956,5472,710596.4901012562,6103470.491830936,-0.30166385,1.6000000001567487,0.4
3956,5473,710596.3216567335,6103470.129027348,-0.30166385,1.6000000001567487,0.4
3956,5474,710596.1532122111,6103469.766223762,-0.30166385,1.6000000001567487,0.4
3956,5475,710595.9847676884,6103469.4034201745,-0.30166385,1.6000000001567487,0.4
3956,5476,710595.816323166,6103469.040616589,-0.30166385,1.6000000001567487,0.4
3956,5477,710595.6478786434,6103468.677813001,-0.30166385,1.6000000001567487,0.4
3956,5478,710595.4794341209,6103468.315009415,-0.30166385,1.6000000001567487,0.4
3956,5479,710595.3109895983,6103467.952205827,-0.30166385,1.6000000001567487,0.4
3956,5480,710595.1425450759,6103467.589402242,-0.30166385,1.6000000001567487,0.4
3956,5481,710594.9741005532,6103467.226598654,-0.30166385,1.6000000001567487,0.4
3956,5482,710594.8056560308,6103466.863795068,-0.00634895,1.6000000001567487,0.4
3956,5483,710594.6372115081,6103466.50099148,-0.00634895,1.6000000001567487,0.4
3956,5484,710594.4687669857,6103466.138187895,0,1.6000000001567487,0.4
3956,5485,710594.300322463,6103465.775384307,0,1.6000000001567487,0.4
3956,5486,710594.1318779406,6103465.412580721,0,1.6000000001567487,0.4
3956,5487,710593.963433418,6103465.049777133,0,1.6000000001567487,0.4
3956,5488,710593.7949888955,6103464.686973548,0,1.6000000001567487,0.4
3956,5489,710593.6265443729,6103464.32416996,0,1.6000000001567487,0.4
3956,5490,710593.4580998505,6103463.961366374,0,1.6000000001567487,0.4
3956,5491,710593.2896553278,6103463.598562786,0,1.6000000001567487,0.4
3956,5492,710593.1212108054,6103463.2357592005,0,1.6000000001567487,0.4
3956,5493,710592.9527662827,6103462.872955613,0,1.6000000001567487,0.4
3956,5494,710592.7843217603,6103462.510152027,0,1.6000000001567487,0.4
3956,5495,710592.6158772376,6103462.147348439,0,1.6000000001567487,0.4
3956,5496,710592.4474327152,6103461.7845448535,0,1.6000000001567487,0.4
3956,5497,710592.2789881926,6103461.421741266,0,1.6000000001567487,0.4
3956,5498,710592.1105436701,6103461.05893768,0,1.6000000001567487,0.4
3956,5499,710591.9420991475,6103460.696134092,0,1.6000000001567487,0.4
3956,5500,710591.773654625,6103460.333330506,0,1.6000000001567487,0.4
3956,5501,710591.6052101024,6103459.970526919,0,1.6000000001567487,0.4
3956,5502,710591.43676558,6103459.607723333,0,1.6000000001567487,0.4
3956,5503,710591.2683210573,6103459.244919745,0,1.6000000001567487,0.4
3956,5504,710591.0998765349,6103458.882116159,0,1.6000000001567487,0.4
3956,5505,710590.9314320122,6103458.519312572,0,1.6000000001567487,0.4
3956,5506,710590.7629874898,6103458.156508986,0,1.6000000001567487,0.4
3956,5507,710590.5945429672,6103457.793705398,0,1.6000000001567487,0.4
3956,5508,710590.4260984447,6103457.430901812,0,1.6000000001567487,0.4
3956,5509,710590.2576539221,6103457.068098225,0,1.6000000001567487,0.4
3956,5510,710590.0892093997,6103456.705294639,0,1.6000000001567487,0.4
3956,5511,710589.920764877,6103456.342491051,0,1.6000000001567487,0.4
3956,5512,710589.7523203546,6103455.979687465,0,1.6000000001567487,0.4
3956,5513,710589.5838758319,6103455.616883878,0,1.6000000001567487,0.4
3956,5514,710589.4154313095,6103455.254080292,0,1.6000000001567487,0.4
3956,5515,710589.2469867868,6103454.891276704,0,1.6000000001567487,0.4
3956,5516,710589.0785422644,6103454.528473118,0,1.6000000001567487,0.4
3956,5517,710588.9100977418,6103454.165669531,0,1.6000000001567487,0.4
3956,5518,710588.7416532193,6103453.802865945,0,1.6000000001567487,0.4
3956,5519,710588.5732086967,6103453.440062357,0,1.6000000001567487,0.4
3956,5520,710588.4047641743,6103453.077258771,0,1.6000000001567487,0.4
3956,5521,710588.2363196516,6103452.714455184,0,1.6000000001567487,0.4
3956,5522,710588.0678751292,6103452.351651598,0,1.6000000001567487,0.4
3956,5523,710587.8994306065,6103451.98884801,0,1.6000000001567487,0.4
3956,5524,710587.7309860841,6103451.626044424,0,1.6000000001567487,0.4
3956,5525,710587.5625415614,6103451.263240837,0,1.6000000001567487,0.4
3956,5526,710587.394097039,6103450.900437251,0,1.6000000001567487,0.4
3956,5527,710587.2256525164,6103450.537633663,0,1.6000000001567487,0.4
3956,5528,710587.0572079939,6103450.174830077,0,1.6000000001567487,0.4
3956,5529,710586.8887634713,6103449.8120264895,0,1.6000000001567487,0.4
3956,5530,710586.7203189489,6103449.449222904,0,1.6000000001567487,0.4
3956,5531,710586.5518744262,6103449.086419316,0,1.6000000001567487,0.4
3956,5532,710586.3834299038,6103448.72361573,0,1.6000000001567487,0.4
3956,5533,710586.2149853811,6103448.3608121425,0,1.6000000001567487,0.4
3956,5534,710586.0465408587,6103447.998008557,0,1.6000000001567487,0.4
3956,5535,710585.878096336,6103447.635204969,0,1.6000000001567487,0.4
3956,5536,710585.7096518136,6103447.272401383,0,1.6000000001567487,0.4
3956,5537,710585.541207291,6103446.909597795,0,1.6000000001567487,0.4
3956,5538,710585.3727627685,6103446.54679421,0,1.6000000001567487,0.4
3956,5539,710585.2043182459,6103446.183990622,0,1.6000000001567487,0.4
3956,5540,710585.0358737234,6103445.821187036,0,1.6000000001567487,0.4
3956,5541,710584.8674292008,6103445.458383448,0,1.6000000001567487,0.4
3956,5542,710584.6989846784,6103445.095579863,0,1.6000000001567487,0.4
3956,5543,710584.5305401557,6103444.732776275,0,1.6000000001567487,0.4
3956,5544,710584.3620956333,6103444.369972689,0,1.6000000001567487,0.4
3956,5545,710584.1936511106,6103444.007169101,0,1.6000000001567487,0.4
3956,5546,710584.0252065882,6103443.644365516,0,1.6000000001567487,0.4
3956,5547,710583.8567620656,6103443.281561928,0,1.6000000001567487,0.4
3956,5548,710583.6883175431,6103442.918758342,0,1.6000000001567487,0.4
3956,5549,710583.5198730205,6103442.555954754,0,1.6000000001567487,0.4
3956,5550,710583.351428498,6103442.1931511685,0,1.6000000001567487,0.4
3956,5551,710583.1829839754,6103441.830347581,0,1.6000000001567487,0.4
3956,5552,710583.014539453,6103441.467543995,0,1.6000000001567487,0.4
3956,5553,710582.8460949303,6103441.104740407,0,1.6000000001567487,0.4
3956,5554,710582.6776504079,6103440.7419368215,0,1.6000000001567487,0.4
3956,5555,710582.5092058852,6103440.379133234,0,1.6000000001567487,0.4
3956,5556,710582.3407613628,6103440.016329648,0,1.6000000001567487,0.4
3956,5557,710582.1723168402,6103439.65352606,0,1.6000000001567487,0.4
3956,5558,710582.0038723177,6103439.290722474,0,1.6000000001567487,0.4
3956,5559,710581.8354277951,6103438.927918887,0,1.6000000001567487,0.4
3956,5560,710581.6669832726,6103438.565115301,0,1.6000000001567487,0.4
3956,5561,710581.49853875,6103438.202311713,0,1.6000000001567487,0.4
3956,5562,710581.3300942276,6103437.839508127,0,1.6000000001567487,0.4
3956,5563,710581.1616497049,6103437.47670454,0,1.6000000001567487,0.4
3956,5564,710580.9932051825,6103437.113900954,0,1.6000000001567487,0.4
3956,5565,710580.8247606598,6103436.751097366,0,1.6000000001567487,0.4
3956,5566,710580.6563161374,6103436.38829378,0,1.6000000001567487,0.4
3956,5567,710580.4878716148,6103436.025490193,0,1.6000000001567487,0.4
3956,5568,710580.3194270923,6103435.662686607,0,1.6000000001567487,0.4
3956,5569,710580.1509825697,6103435.299883019,0,1.6000000001567487,0.4
3956,5570,710579.9825380472,6103434.937079433,0,1.6000000001567487,0.4
3956,5571,710579.8140935246,6103434.574275846,0,1.6000000001567487,0.4
3956,5572,710579.6456490022,6103434.21147226,0,1.6000000001567487,0.4
3956,5573,710579.4772044795,6103433.848668672,0,1.6000000001567487,0.4
3956,5574,710579.3087599571,6103433.485865086,0,1.6000000001567487,0.4
3956,5575,710579.1403154344,6103433.123061499,0,1.6000000001567487,0.4
3956,5576,710578.971870912,6103432.760257913,0,1.6000000001567487,0.4
3956,5577,710578.8034263893,6103432.397454325,0,1.6000000001567487,0.4
3956,5578,710578.6349818669,6103432.034650739,0,1.6000000001567487,0.4
3956,5579,710578.4665373443,6103431.671847152,0,1.6000000001567487,0.4
3956,5580,710578.2980928218,6103431.309043566,0,1.6000000001567487,0.4
3956,5581,710578.1296482992,6103430.946239978,0,1.6000000001567487,0.4
3956,5582,710577.9612037768,6103430.583436392,0,1.6000000001567487,0.4
3956,5583,710577.7927592541,6103430.220632805,0,1.6000000001567487,0.4
3956,5584,710577.6243147317,6103429.857829219,0,1.6000000001567487,0.4
3956,5585,710577.455870209,6103429.495025631,0,1.6000000001567487,0.4
3956,5586,710577.2874256866,6103429.132222045,0,1.6000000001567487,0.4
3956,5587,710577.118981164,6103428.7694184575,0,1.6000000001567487,0.4
3956,5588,710576.9505366415,6103428.406614872,0,1.6000000001567487,0.4
3956,5589,710576.7820921189,6103428.043811284,0,1.6000000001567487,0.4
3956,5590,710576.6136475964,6103427.681007698,0,1.6000000001567487,0.4
3956,5591,710576.4452030738,6103427.3182041105,0,1.6000000001567487,0.4
3956,5592,710576.2767585514,6103426.955400525,0,1.6000000001567487,0.4
3956,5593,710576.1083140287,6103426.592596937,0,1.6000000001567487,0.4
3956,5594,710575.9398695063,6103426.229793351,0,1.6000000001567487,0.4
3956,5595,710575.7714249836,6103425.866989763,0,1.6000000001567487,0.4
3956,5596,710575.6029804612,6103425.504186178,0,1.6000000001567487,0.4
3956,5597,710575.4345359385,6103425.14138259,0,1.6000000001567487,0.4
3956,5598,710575.2660914161,6103424.778579004,0,1.6000000001567487,0.4
3956,5599,710575.0976468935,6103424.415775416,0,1.6000000001567487,0.4
3956,5600,710574.929202371,6103424.052971831,0,1.6000000001567487,0.4
3956,5601,710574.7607578484,6103423.690168243,0,1.6000000001567487,0.4
3956,5602,710574.592313326,6103423.327364657,0,1.6000000001567487,0.4
3956,5603,710574.4238688033,6103422.964561069,0,1.6000000001567487,0.4
3956,5604,710574.2554242809,6103422.601757484,0,1.6000000001567487,0.4
3956,5605,710574.0869797582,6103422.238953896,0,1.6000000001567487,0.4
3956,5606,710573.9185352358,6103421.87615031,0,1.6000000001567487,0.4
3956,5607,710573.7500907131,6103421.513346722,0,1.6000000001567487,0.4
3956,5608,710573.5816461907,6103421.1505431365,0,1.6000000001567487,0.4
3956,5609,710573.4132016681,6103420.787739549,0,1.6000000001567487,0.4
3956,5610,710573.2447571456,6103420.424935963,0,1.6000000001567487,0.4
3956,5611,710573.076312623,6103420.062132375,0,1.6000000001567487,0.4
3956,5612,710572.9078681006,6103419.6993287895,0,1.6000000001567487,0.4
3956,5613,710572.7394235779,6103419.336525202,0,1.6000000001567487,0.4
3956,5614,710572.5709790555,6103418.973721616,0,1.6000000001567487,0.4
3956,5615,710572.4025345328,6103418.610918028,0,1.6000000001567487,0.4
3956,5616,710572.2340900104,6103418.248114442,0,1.6000000001567487,0.4
3956,5617,710572.0656454877,6103417.885310855,0,1.6000000001567487,0.4
3956,5618,710571.8972009653,6103417.522507269,0,1.6000000001567487,0.4
3956,5619,710571.7287564427,6103417.159703681,0,1.6000000001567487,0.4
3956,5620,710571.5603119202,6103416.796900095,0,1.6000000001567487,0.4
3956,5621,710571.3918673976,6103416.434096508,0,1.6000000001567487,0.4
3956,5622,710571.2234228752,6103416.071292922,0,1.6000000001567487,0.4
3956,5623,710571.0549783525,6103415.708489334,0,1.6000000001567487,0.4
3956,5624,710570.8865338301,6103415.345685748,0,1.6000000001567487,0.4
3956,5625,710570.7180893074,6103414.982882161,0,1.6000000001567487,0.4
3956,5626,710570.549644785,6103414.620078575,0,1.6000000001567487,0.4
3956,5627,710570.3812002623,6103414.257274987,0,1.6000000001567487,0.4
3956,5628,710570.2127557399,6103413.894471401,0,1.6000000001567487,0.4
3956,5629,710570.0443112173,6103413.531667814,0,1.6000000001567487,0.4
3956,5630,710569.8758666948,6103413.168864228,0,1.6000000001567487,0.4
3956,5631,710569.7074221722,6103412.80606064,0,1.6000000001567487,0.4
3956,5632,710569.5389776498,6103412.443257054,0,1.6000000001567487,0.4
3956,5633,710569.3705331271,6103412.080453467,0,1.6000000001567487,0.4
3956,5634,710569.2020886047,6103411.717649881,0,1.6000000001567487,0.4
3956,5635,710569.033644082,6103411.354846293,0,1.6000000001567487,0.4
3956,5636,710568.8651995596,6103410.992042707,0,1.6000000001567487,0.4
3956,5637,710568.696755037,6103410.62923912,0,1.6000000001567487,0.4
3956,5638,710568.5283105145,6103410.266435534,0,1.6000000001567487,0.4
3956,5639,710568.3598659919,6103409.903631946,0,1.6000000001567487,0.4
3956,5640,710568.1914214694,6103409.54082836,0,1.6000000001567487,0.4
3956,5641,710568.0229769468,6103409.178024773,0,1.6000000001567487,0.4
3956,5642,710567.8545324244,6103408.815221187,0,1.6000000001567487,0.4
3956,5643,710567.6860879017,6103408.452417599,0,1.6000000001567487,0.4
3956,5644,710567.5176433793,6103408.089614013,0,1.6000000001567487,0.4
3956,5645,710567.3491988566,6103407.7268104255,0,1.6000000001567487,0.4
3956,5646,710567.1807543342,6103407.36400684,0,1.6000000001567487,0.4
3956,5647,710567.0123098115,6103407.001203252,0,1.6000000001567487,0.4
3956,5648,710566.8438652891,6103406.638399666,0,1.6000000001567487,0.4
3956,5649,710566.6754207665,6103406.2755960785,0,1.6000000001567487,0.4
3956,5650,710566.506976244,6103405.912792493,0,1.6000000001567487,0.4
3956,5651,710566.3385317214,6103405.549988905,0,1.6000000001567487,0.4
3956,5652,710566.170087199,6103405.187185319,0,1.6000000001567487,0.4
3956,5653,710566.0016426763,6103404.824381731,0,1.6000000001567487,0.4
3956,5654,710565.8331981539,6103404.461578146,0,1.6000000001567487,0.4
3956,5655,710565.6647536312,6103404.098774558,0,1.6000000001567487,0.4
3956,5656,710565.4963091088,6103403.735970972,0,1.6000000001567487,0.4
3956,5657,710565.3278645861,6103403.373167384,0,1.6000000001567487,0.4
3956,5658,710565.1594200637,6103403.010363799,0,1.6000000001567487,0.4
3956,5659,710564.9909755411,6103402.647560211,0,1.6000000001567487,0.4
3956,5660,710564.8225310186,6103402.284756625,0,1.6000000001567487,0.4
3956,5661,710564.654086496,6103401.921953037,0,1.6000000001567487,0.4
3956,5662,710564.4856419736,6103401.559149452,0,1.6000000001567487,0.4
3956,5663,710564.3171974509,6103401.196345864,0,1.6000000001567487,0.4
3956,5664,710564.1487529285,6103400.833542278,0,1.6000000001567487,0.4
3956,5665,710563.9803084058,6103400.47073869,0,1.6000000001567487,0.4
3956,5666,710563.8118638834,6103400.1079351045,0,1.6000000001567487,0.4
3956,5667,710563.6434193607,6103399.745131517,0,1.6000000001567487,0.4
3956,5668,710563.4749748383,6103399.382327931,0,1.6000000001567487,0.4
3956,5669,710563.3065303157,6103399.019524343,0,1.6000000001567487,0.4
3956,5670,710563.1380857932,6103398.6567207575,0,1.6000000001567487,0.4
3956,5671,710562.9696412706,6103398.29391717,0,1.6000000001567487,0.4
3956,5672,710562.8011967482,6103397.931113584,0,1.6000000001567487,0.4
3956,5673,710562.6327522255,6103397.568309996,0,1.6000000001567487,0.4
3956,5674,710562.4643077031,6103397.20550641,0,1.6000000001567487,0.4
3956,5675,710562.2958631804,6103396.842702823,0,1.6000000001567487,0.4
3956,5676,710562.127418658,6103396.479899237,0,1.6000000001567487,0.4
3956,5677,710561.9589741353,6103396.117095649,0,1.6000000001567487,0.4
3956,5678,710561.7905296129,6103395.754292063,0,1.6000000001567487,0.4
3956,5679,710561.6220850903,6103395.391488476,0,1.6000000001567487,0.4
3956,5680,710561.4536405678,6103395.02868489,0,1.6000000001567487,0.4
3956,5681,710561.2851960452,6103394.665881302,0,1.6000000001567487,0.4
3956,5682,710561.1167515228,6103394.303077716,0,1.6000000001567487,0.4
3956,5683,710560.9483070001,6103393.940274129,0,1.6000000001567487,0.4
3956,5684,710560.7798624777,6103393.577470543,0,1.6000000001567487,0.4
3956,5685,710560.611417955,6103393.214666955,0,1.6000000001567487,0.4
3956,5686,710560.4429734326,6103392.851863369,0,1.6000000001567487,0.4
3956,5687,710560.2745289099,6103392.489059782,0,1.6000000001567487,0.4
3956,5688,710560.1060843875,6103392.126256196,0,1.6000000001567487,0.4
3956,5689,710559.9376398649,6103391.763452608,0,1.6000000001567487,0.4
3956,5690,710559.7691953424,6103391.400649022,0,1.6000000001567487,0.4
3956,5691,710559.6007508198,6103391.037845435,0,1.6000000001567487,0.4
3956,5692,710559.4323062974,6103390.675041849,0,1.6000000001567487,0.4
3956,5693,710559.2638617747,6103390.312238261,0,1.6000000001567487,0.4
3956,5694,710559.0954172523,6103389.949434675,0,1.6000000001567487,0.4
3956,5695,710558.9269727296,6103389.586631088,0,1.6000000001567487,0.4
3956,5696,710558.7585282072,6103389.223827502,0,1.6000000001567487,0.4
3956,5697,710558.5900836845,6103388.861023914,0,1.6000000001567487,0.4
3956,5698,710558.4216391621,6103388.498220328,0,1.6000000001567487,0.4
3956,5699,710558.2531946395,6103388.135416741,0,1.6000000001567487,0.4
3956,5700,710558.084750117,6103387.772613155,0,1.6000000001567487,0.4
3956,5701,710557.9163055944,6103387.409809567,0,1.6000000001567487,0.4
3956,5702,710557.747861072,6103387.047005981,0,1.6000000001567487,0.4
3956,5703,710557.5794165493,6103386.6842023935,0,1.6000000001567487,0.4
3956,5704,710557.4109720269,6103386.321398808,0,1.6000000001567487,0.4
3956,5705,710557.2425275042,6103385.95859522,0,1.6000000001567487,0.4
3956,5706,710557.0740829818,6103385.595791634,0,1.6000000001567487,0.4
3956,5707,710556.9056384591,6103385.2329880465,0,1.6000000001567487,0.4
3956,5708,710556.7371939367,6103384.870184461,0,1.6000000001567487,0.4
3956,5709,710556.5687494141,6103384.507380873,0,1.6000000001567487,0.4
3956,5710,710556.4003048916,6103384.144577287,0,1.6000000001567487,0.4
3956,5711,710556.231860369,6103383.781773699,0,1.6000000001567487,0.4
3956,5712,710556.0634158466,6103383.418970114,0,1.6000000001567487,0.4
3956,5713,710555.8949713239,6103383.056166526,0,1.6000000001567487,0.4
3956,5714,710555.7265268015,6103382.69336294,0,1.6000000001567487,0.4
3956,5715,710555.5580822788,6103382.330559352,0,1.6000000001567487,0.4
3956,5716,710555.3896377564,6103381.967755767,0,1.6000000001567487,0.4
3956,5717,710555.2211932337,6103381.604952179,0,1.6000000001567487,0.4
3956,5718,710555.0527487113,6103381.242148593,0,1.6000000001567487,0.4
3956,5719,710554.8843041887,6103380.879345005,0,1.6000000001567487,0.4
3956,5720,710554.7158596662,6103380.51654142,0,1.6000000001567487,0.4
3956,5721,710554.5474151436,6103380.153737832,0,1.6000000001567487,0.4
3956,5722,710554.3789706212,6103379.790934246,0,1.6000000001567487,0.4
3956,5723,710554.2105260985,6103379.428130658,0,1.6000000001567487,0.4
3956,5724,710554.0420815761,6103379.0653270725,0,1.6000000001567487,0.4
3956,5725,710553.8736370534,6103378.702523485,0,1.6000000001567487,0.4
3956,5726,710553.705192531,6103378.339719899,0,1.6000000001567487,0.4
3956,5727,710553.5367480083,6103377.976916311,0,1.6000000001567487,0.4
3956,5728,710553.3683034859,6103377.6141127255,0,1.6000000001567487,0.4
3956,5729,710553.1998589633,6103377.251309138,0,1.6000000001567487,0.4
3956,5730,710553.0314144408,6103376.888505552,0,1.6000000001567487,0.4
3956,5731,710552.8629699182,6103376.525701964,0,1.6000000001567487,0.4
3956,5732,710552.6945253958,6103376.162898378,0,1.6000000001567487,0.4
3956,5733,710552.5260808731,6103375.800094791,0,1.6000000001567487,0.4
3956,5734,710552.3576363507,6103375.437291205,0,1.6000000001567487,0.4
3956,5735,710552.189191828,6103375.074487617,0,1.6000000001567487,0.4
3956,5736,710552.0207473056,6103374.711684031,0,1.6000000001567487,0.4
3956,5737,710551.8523027829,6103374.348880444,0,1.6000000001567487,0.4
3956,5738,710551.6838582605,6103373.986076858,0,1.6000000001567487,0.4
3956,5739,710551.5154137379,6103373.62327327,0,1.6000000001567487,0.4
3956,5740,710551.3469692154,6103373.260469684,0,1.6000000001567487,0.4
3956,5741,710551.1785246928,6103372.897666097,0,1.6000000001567487,0.4
3956,5742,710551.0100801704,6103372.534862511,0,1.6000000001567487,0.4
3956,5743,710550.8416356477,6103372.172058923,0,1.6000000001567487,0.4
3956,5744,710550.6731911253,6103371.809255337,0,1.6000000001567487,0.4
3956,5745,710550.5047466026,6103371.44645175,0,1.6000000001567487,0.4
3956,5746,710550.3363020802,6103371.083648164,0,1.6000000001567487,0.4
3956,5747,710550.1678575575,6103370.720844576,0,1.6000000001567487,0.4
3956,5748,710549.9994130351,6103370.35804099,0,1.6000000001567487,0.4
3956,5749,710549.8309685125,6103369.995237403,0,1.6000000001567487,0.4
3956,5750,710549.66252399,6103369.632433817,0,1.6000000001567487,0.4
3956,5751,710549.4940794674,6103369.269630229,0,1.6000000001567487,0.4
3956,5752,710549.325634945,6103368.906826643,0,1.6000000001567487,0.4
3956,5753,710549.1571904223,6103368.544023056,0,1.6000000001567487,0.4
3956,5754,710548.9887458999,6103368.18121947,0,1.6000000001567487,0.4
3956,5755,710548.8203013772,6103367.818415882,0,1.6000000001567487,0.4
3956,5756,710548.6518568548,6103367.455612296,0,1.6000000001567487,0.4
3956,5757,710548.4834123321,6103367.092808709,0,1.6000000001567487,0.4
3956,5758,710548.3149678097,6103366.730005123,0,1.6000000001567487,0.4
3956,5759,710548.146523287,6103366.367201535,0,1.6000000001567487,0.4
3956,5760,710547.9780787646,6103366.004397949,0,1.6000000001567487,0.4
3956,5761,710547.809634242,6103365.6415943615,0,1.6000000001567487,0.4
3956,5762,710547.6411897196,6103365.278790776,0,1.6000000001567487,0.4
3956,5763,710547.4727451969,6103364.915987188,0,1.6000000001567487,0.4
3956,5764,710547.3043006745,6103364.553183602,0,1.6000000001567487,0.4
3956,5765,710547.1358561518,6103364.1903800145,0,1.6000000001567487,0.4
3956,5766,710546.9674116294,6103363.827576429,0,1.6000000001567487,0.4
3956,5767,710546.7989671067,6103363.464772841,0,1.6000000001567487,0.4
3956,5768,710546.6305225843,6103363.101969255,0,1.6000000001567487,0.4
3956,5769,710546.4620780617,6103362.739165667,0,1.6000000001567487,0.4
3956,5770,710546.2936335392,6103362.376362082,0,1.6000000001567487,0.4
3956,5771,710546.1251890166,6103362.013558494,0,1.6000000001567487,0.4
3956,5772,710545.9567444941,6103361.650754908,0,1.6000000001567487,0.4
3956,5773,710545.7882999715,6103361.28795132,0,1.6000000001567487,0.4
3956,5774,710545.6198554491,6103360.925147735,0,1.6000000001567487,0.4
3956,5775,710545.4514109264,6103360.562344147,0,1.6000000001567487,0.4
3956,5776,710545.282966404,6103360.199540561,0,1.6000000001567487,0.4
3956,5777,710545.1145218813,6103359.836736973,0,1.6000000001567487,0.4
3956,5778,710544.9460773589,6103359.473933388,0,1.6000000001567487,0.4
3956,5779,710544.7776328363,6103359.1111298,0,1.6000000001567487,0.4
3956,5780,710544.6091883138,6103358.748326214,0,1.6000000001567487,0.4
3956,5781,710544.4407437912,6103358.385522626,0,1.6000000001567487,0.4
3956,5782,710544.2722992687,6103358.0227190405,0,1.6000000001567487,0.4
3956,5783,710544.1038547461,6103357.659915453,0,1.6000000001567487,0.4
3956,5784,710543.9354102237,6103357.297111867,0,1.6000000001567487,0.4
3956,5785,710543.766965701,6103356.934308279,0,1.6000000001567487,0.4
3956,5786,710543.5985211786,6103356.5715046935,0,1.6000000001567487,0.4
3956,5787,710543.4300766559,6103356.208701106,0,1.6000000001567487,0.4
3956,5788,710543.2616321335,6103355.84589752,0,1.6000000001567487,0.4
3956,5789,710543.0931876109,6103355.483093932,0,1.6000000001567487,0.4
3956,5790,710542.9247430884,6103355.120290346,0,1.6000000001567487,0.4
3956,5791,710542.7562985658,6103354.757486759,0,1.6000000001567487,0.4
3956,5792,710542.5878540433,6103354.394683173,0,1.6000000001567487,0.4
3956,5793,710542.4194095207,6103354.031879585,0,1.6000000001567487,0.4
3956,5794,710542.2509649983,6103353.669075999,0,1.6000000001567487,0.4
3956,5795,710542.0825204756,6103353.306272412,0,1.6000000001567487,0.4
3956,5796,710541.9140759532,6103352.943468826,0,1.6000000001567487,0.4
3956,5797,710541.7456314305,6103352.580665238,0,1.6000000001567487,0.4
3956,5798,710541.5771869081,6103352.217861652,0,1.6000000001567487,0.4
3956,5799,710541.4087423855,6103351.855058065,0,1.6000000001567487,0.4
3956,5800,710541.240297863,6103351.492254479,0,1.6000000001567487,0.4
3956,5801,710541.0718533404,6103351.129450891,0,1.6000000001567487,0.4
3956,5802,710540.903408818,6103350.766647305,0,1.6000000001567487,0.4
3956,5803,710540.7349642953,6103350.403843718,0,1.6000000001567487,0.4
3956,5804,710540.5665197729,6103350.041040132,0,1.6000000001567487,0.4
3956,5805,710540.3980752502,6103349.678236544,0,1.6000000001567487,0.4
3956,5806,710540.2296307278,6103349.315432958,0,1.6000000001567487,0.4
3956,5807,710540.0611862051,6103348.952629371,0,1.6000000001567487,0.4
3956,5808,710539.8927416827,6103348.589825785,0,1.6000000001567487,0.4
3956,5809,710539.72429716,6103348.227022197,0,1.6000000001567487,0.4
3956,5810,710539.5558526376,6103347.864218611,0,1.6000000001567487,0.4
3956,5811,710539.387408115,6103347.501415024,0,1.6000000001567487,0.4
3956,5812,710539.2189635925,6103347.138611438,0,1.6000000001567487,0.4
3956,5813,710539.0505190699,6103346.77580785,0,1.6000000001567487,0.4
3956,5814,710538.8820745475,6103346.413004264,0,1.6000000001567487,0.4
3956,5815,710538.7136300248,6103346.050200677,0,1.6000000001567487,0.4
3956,5816,710538.5451855024,6103345.687397091,0,1.6000000001567487,0.4
3956,5817,710538.3767409797,6103345.324593503,0,1.6000000001567487,0.4
3956,5818,710538.2082964573,6103344.961789917,0,1.6000000001567487,0.4
3956,5819,710538.0398519346,6103344.5989863295,0,1.6000000001567487,0.4
3956,5820,710537.8714074122,6103344.236182744,0,1.6000000001567487,0.4
3956,5821,710537.7029628896,6103343.873379156,0,1.6000000001567487,0.4
3956,5822,710537.5345183671,6103343.51057557,0,1.6000000001567487,0.4
3956,5823,710537.3660738445,6103343.1477719825,0,1.6000000001567487,0.4
3956,5824,710537.1976293221,6103342.784968397,0,1.6000000001567487,0.4
3956,5825,710537.0291847994,6103342.422164809,0,1.6000000001567487,0.4
3956,5826,710536.860740277,6103342.059361223,0,1.6000000001567487,0.4
3956,5827,710536.6922957543,6103341.696557635,0,1.6000000001567487,0.4
3956,5828,710536.5238512319,6103341.33375405,0,1.6000000001567487,0.4
3956,5829,710536.3554067092,6103340.970950462,0,1.6000000001567487,0.4
3956,5830,710536.1869621868,6103340.608146876,0,1.6000000001567487,0.4
3956,5831,710536.0185176642,6103340.245343288,0,1.6000000001567487,0.4
3956,5832,710535.8500731417,6103339.882539703,0,1.6000000001567487,0.4
3956,5833,710535.6816286191,6103339.519736115,0,1.6000000001567487,0.4
3956,5834,710535.5131840967,6103339.156932529,0,1.6000000001567487,0.4
3956,5835,710535.344739574,6103338.794128941,0,1.6000000001567487,0.4
3956,5836,710535.1762950516,6103338.431325356,0,1.6000000001567487,0.4
3956,5837,710535.0078505289,6103338.068521768,0,1.6000000001567487,0.4
3956,5838,710534.8394060065,6103337.705718182,0,1.6000000001567487,0.4
3956,5839,710534.6709614838,6103337.342914594,0,1.6000000001567487,0.4
3956,5840,710534.5025169614,6103336.9801110085,0,1.6000000001567487,0.4
3956,5841,710534.3340724388,6103336.617307421,0,1.6000000001567487,0.4
3956,5842,710534.1656279163,6103336.254503835,0,1.6000000001567487,0.4
3956,5843,710533.9971833937,6103335.891700247,0,1.6000000001567487,0.4
3956,5844,710533.8287388713,6103335.5288966615,0,1.6000000001567487,0.4
3956,5845,710533.6602943486,6103335.166093074,0,1.6000000001567487,0.4
3956,5846,710533.4918498262,6103334.803289488,0,1.6000000001567487,0.4
3956,5847,710533.3234053035,6103334.4404859,0,1.6000000001567487,0.4
3956,5848,710533.1549607811,6103334.077682314,0,1.6000000001567487,0.4
3956,5849,710532.9865162584,6103333.714878727,0,1.6000000001567487,0.4
3956,5850,710532.818071736,6103333.352075141,0,1.6000000001567487,0.4
3956,5851,710532.6496272134,6103332.989271553,0,1.6000000001567487,0.4
3956,5852,710532.481182691,6103332.626467967,0,1.6000000001567487,0.4
3956,5853,710532.3127381683,6103332.26366438,0,1.6000000001567487,0.4
3956,5854,710532.1442936459,6103331.900860794,0,1.6000000001567487,0.4
3956,5855,710531.9758491232,6103331.538057206,0,1.6000000001567487,0.4
3956,5856,710531.8074046008,6103331.17525362,0,1.6000000001567487,0.4
3956,5857,710531.6389600781,6103330.812450033,0,1.6000000001567487,0.4
3956,5858,710531.4705155557,6103330.449646447,0,1.6000000001567487,0.4
3956,5859,710531.302071033,6103330.086842859,0,1.6000000001567487,0.4
3956,5860,710531.1336265106,6103329.724039273,0,1.6000000001567487,0.4
3956,5861,710530.965181988,6103329.361235686,0,1.6000000001567487,0.4
3956,5862,710530.7967374655,6103328.9984321,0,1.6000000001567487,0.4
3956,5863,710530.6282929429,6103328.635628512,0,1.6000000001567487,0.4
3956,5864,710530.4598484205,6103328.272824926,0,1.6000000001567487,0.4
3956,5865,710530.2914038978,6103327.910021339,0,1.6000000001567487,0.4
3956,5866,710530.1229593754,6103327.547217753,0,1.6000000001567487,0.4
3956,5867,710529.9545148527,6103327.184414165,0,1.6000000001567487,0.4
3956,5868,710529.7860703303,6103326.821610579,0,1.6000000001567487,0.4
3956,5869,710529.6176258079,6103326.458806992,0,1.6000000001567487,0.4
3956,5870,710529.4491812855,6103326.096003406,0,1.6000000001567487,0.4
3956,5871,710529.280736763,6103325.733199818,0,1.6000000001567487,0.4
3956,5872,710529.1122922406,6103325.370396232,0,1.6000000001567487,0.4
3956,5873,710528.9438477182,6103325.007592645,0,1.6000000001567487,0.4
3956,5874,710528.7754031958,6103324.644789059,0,1.6000000001567487,0.4
3956,5875,710528.6069586733,6103324.281985471,0,1.6000000001567487,0.4
3956,5876,710528.4385141509,6103323.919181885,0,1.6000000001567487,0.4
3956,5877,710528.2700696285,6103323.5563782975,0,1.6000000001567487,0.4
3956,5878,710528.1016251061,6103323.193574712,0,1.6000000001567487,0.4
3956,5879,710527.9331805836,6103322.830771124,0,1.6000000001567487,0.4
3956,5880,710527.7647360612,6103322.467967538,0,1.6000000001567487,0.4
3956,5881,710527.5962915388,6103322.1051639505,0,1.6000000001567487,0.4
3956,5882,710527.4278470164,6103321.742360365,0,1.6000000001567487,0.4
3956,5883,710527.259402494,6103321.379556777,0,1.6000000001567487,0.4
3956,5884,710527.0909579715,6103321.016753191,0,1.6000000001567487,0.4
3956,5885,710526.9225134491,6103320.653949603,0,1.6000000001567487,0.4
3956,5886,710526.7540689267,6103320.291146018,0,1.6000000001567487,0.4
3956,5887,710526.5856244043,6103319.92834243,0,1.6000000001567487,0.4
3956,5888,710526.4171798818,6103319.565538844,0,1.6000000001567487,0.4
3956,5889,710526.2487353594,6103319.202735256,0,1.6000000001567487,0.4
3956,5890,710526.080290837,6103318.839931671,0,1.6000000001567487,0.4
3956,5891,710525.9118463146,6103318.477128083,0,1.6000000001567487,0.4
3956,5892,710525.7434017921,6103318.114324497,0,1.6000000001567487,0.4
3956,5893,710525.5749572697,6103317.751520909,0,1.6000000001567487,0.4
3956,5894,710525.4065127473,6103317.388717324,0,1.6000000001567487,0.4
3956,5895,710525.2380682249,6103317.025913736,0,1.6000000001567487,0.4
3956,5896,710525.0696237024,6103316.66311015,0,1.6000000001567487,0.4
3956,5897,710524.90117918,6103316.300306562,0,1.6000000001567487,0.4
3956,5898,710524.7327346576,6103315.9375029765,0,1.6000000001567487,0.4
3956,5899,710524.5642901352,6103315.574699389,0,1.6000000001567487,0.4
3956,5900,710524.3958456127,6103315.211895803,0,1.6000000001567487,0.4
3956,5901,710524.2274010903,6103314.849092215,0,1.6000000001567487,0.4
3956,5902,710524.0589565679,6103314.4862886295,0,1.6000000001567487,0.4
3956,5903,710523.8905120455,6103314.123485042,0,1.6000000001567487,0.4
3956,5904,710523.722067523,6103313.760681456,0,1.6000000001567487,0.4
3956,5905,710523.5536230006,6103313.397877868,0,1.6000000001567487,0.4
3956,5906,710523.3851784782,6103313.035074282,0,1.6000000001567487,0.4
3956,5907,710523.2167339558,6103312.672270695,0,1.6000000001567487,0.4
3956,5908,710523.0482894334,6103312.309467109,0,1.6000000001567487,0.4
3956,5909,710522.8798449109,6103311.946663521,0,1.6000000001567487,0.4
3956,5910,710522.7114003885,6103311.583859935,0,1.6000000001567487,0.4
3956,5911,710522.5429558661,6103311.221056348,0,1.6000000001567487,0.4
3956,5912,710522.3745113437,6103310.858252762,0,1.6000000001567487,0.4
3956,5913,710522.2060668212,6103310.495449174,0,1.6000000001567487,0.4
3956,5914,710522.0376222988,6103310.132645588,0,1.6000000001567487,0.4
3956,5915,710521.8691777764,6103309.769842001,0,1.6000000001567487,0.4
3956,5916,710521.700733254,6103309.407038415,0,1.6000000001567487,0.4
3956,5917,710521.5322887315,6103309.044234827,0,1.6000000001567487,0.4
3956,5918,710521.3638442091,6103308.681431241,0,1.6000000001567487,0.4
3956,5919,710521.1953996867,6103308.318627654,0,1.6000000001567487,0.4
3956,5920,710521.0269551643,6103307.955824068,0,1.6000000001567487,0.4
3956,5921,710520.8585106418,6103307.59302048,0,1.6000000001567487,0.4
3956,5922,710520.6900661194,6103307.230216894,0,1.6000000001567487,0.4
3956,5923,710520.521621597,6103306.867413307,0,1.6000000001567487,0.4
3956,5924,710520.3531770746,6103306.504609721,0,1.6000000001567487,0.4
3956,5925,710520.1847325522,6103306.141806133,0,1.6000000001567487,0.4
3956,5926,710520.0162880297,6103305.779002547,0,1.6000000001567487,0.4
3956,5927,710519.8478435073,6103305.41619896,0,1.6000000001567487,0.4
3956,5928,710519.6793989849,6103305.053395374,0,1.6000000001567487,0.4
3956,5929,710519.5109544625,6103304.690591786,0,1.6000000001567487,0.4
3956,5930,710519.34250994,6103304.3277882,0,1.6000000001567487,0.4
3956,5931,710519.1740654176,6103303.964984613,0,1.6000000001567487,0.4
3956,5932,710519.0056208952,6103303.602181027,0,1.6000000001567487,0.4
3956,5933,710518.8371763728,6103303.239377439,0,1.6000000001567487,0.4
3956,5934,710518.6687318503,6103302.876573853,0,1.6000000001567487,0.4
3956,5935,710518.5002873279,6103302.5137702655,0,1.6000000001567487,0.4
3956,5936,710518.3318428055,6103302.15096668,0,1.6000000001567487,0.4
3956,5937,710518.1633982831,6103301.788163092,0,1.6000000001567487,0.4
3956,5938,710517.9949537606,6103301.425359506,0,1.6000000001567487,0.4
3956,5939,710517.8265092382,6103301.0625559185,0,1.6000000001567487,0.4
3956,5940,710517.6580647158,6103300.699752333,0,1.6000000001567487,0.4
3956,5941,710517.4896201934,6103300.336948745,0,1.6000000001567487,0.4
3956,5942,710517.321175671,6103299.974145159,0,1.6000000001567487,0.4
3956,5943,710517.1527311485,6103299.611341571,0,1.6000000001567487,0.4
3956,5944,710516.9842866261,6103299.248537986,0,1.6000000001567487,0.4
3956,5945,710516.8158421037,6103298.885734398,0,1.6000000001567487,0.4
3956,5946,710516.6473975813,6103298.522930812,0,1.6000000001567487,0.4
3956,5947,710516.4789530588,6103298.160127224,0,1.6000000001567487,0.4
3956,5948,710516.3105085364,6103297.797323639,0,1.6000000001567487,0.4
3956,5949,710516.142064014,6103297.434520051,0,1.6000000001567487,0.4
3956,5950,710515.9736194916,6103297.071716465,0,1.6000000001567487,0.4
3956,5951,710515.8051749691,6103296.708912877,0,1.6000000001567487,0.4
3956,5952,710515.6367304467,6103296.346109292,0,1.6000000001567487,0.4
3956,5953,710515.4682859243,6103295.983305704,0,1.6000000001567487,0.4
3956,5954,710515.2998414019,6103295.620502118,0,1.6000000001567487,0.4
3956,5955,710515.1313968794,6103295.25769853,0,1.6000000001567487,0.4
3956,5956,710514.962952357,6103294.8948949445,0,1.6000000001567487,0.4
3956,5957,710514.7945078346,6103294.532091357,0,1.6000000001567487,0.4
3956,5958,710514.6260633122,6103294.169287771,0,1.6000000001567487,0.4
3956,5959,710514.4576187897,6103293.806484183,0,1.6000000001567487,0.4
3956,5960,710514.2891742673,6103293.4436805975,0,1.6000000001567487,0.4
3956,5961,710514.1207297449,6103293.08087701,0,1.6000000001567487,0.4
3956,5962,710513.9522852225,6103292.718073424,0,1.6000000001567487,0.4
3956,5963,710513.7838407,6103292.355269836,0,1.6000000001567487,0.4
3956,5964,710513.6153961776,6103291.99246625,0,1.6000000001567487,0.4
3956,5965,710513.4469516552,6103291.629662663,0,1.6000000001567487,0.4
3956,5966,710513.2785071328,6103291.266859077,0,1.6000000001567487,0.4
3956,5967,710513.1100626104,6103290.904055489,0,1.6000000001567487,0.4
3956,5968,710512.9416180879,6103290.541251903,0,1.6000000001567487,0.4
3956,5969,710512.7731735655,6103290.178448316,0,1.6000000001567487,0.4
3956,5970,710512.6047290431,6103289.81564473,0,1.6000000001567487,0.4
3956,5971,710512.4362845207,6103289.452841142,0,1.6000000001567487,0.4
3956,5972,710512.2678399982,6103289.090037556,0,1.6000000001567487,0.4
3956,5973,710512.0993954758,6103288.727233969,0,1.6000000001567487,0.4
3956,5974,710511.9309509534,6103288.364430383,0,1.6000000001567487,0.4
3956,5975,710511.762506431,6103288.001626795,0,1.6000000001567487,0.4
3956,5976,710511.5940619085,6103287.638823209,0,1.6000000001567487,0.4
3956,5977,710511.4256173861,6103287.276019622,0,1.6000000001567487,0.4
3956,5978,710511.2571728637,6103286.913216036,0,1.6000000001567487,0.4
3956,5979,710511.0887283413,6103286.550412448,0,1.6000000001567487,0.4
3956,5980,710510.9202838189,6103286.187608862,0,1.6000000001567487,0.4
3956,5981,710510.7518392964,6103285.824805275,0,1.6000000001567487,0.4
3956,5982,710510.583394774,6103285.462001689,0,1.6000000001567487,0.4
3956,5983,710510.4149502516,6103285.099198101,0,1.6000000001567487,0.4
3956,5984,710510.2465057292,6103284.736394515,0,1.6000000001567487,0.4
3956,5985,710510.0780612067,6103284.373590928,0,1.6000000001567487,0.4
3956,5986,710509.9096166843,6103284.010787342,0,1.6000000001567487,0.4
3956,5987,710509.7411721619,6103283.647983754,0,1.6000000001567487,0.4
3956,5988,710509.5727276395,6103283.285180168,0,1.6000000001567487,0.4
3956,5989,710509.404283117,6103282.922376581,0,1.6000000001567487,0.4
3956,5990,710509.2358385946,6103282.559572995,0,1.6000000001567487,0.4
3956,5991,710509.0673940722,6103282.196769407,0,1.6000000001567487,0.4
3956,5992,710508.8989495498,6103281.833965821,0,1.6000000001567487,0.4
3956,5993,710508.7305050273,6103281.4711622335,0,1.6000000001567487,0.4
3956,5994,710508.5620605049,6103281.108358648,0,1.6000000001567487,0.4
3956,5995,710508.3936159825,6103280.74555506,0,1.6000000001567487,0.4
3956,5996,710508.2251714601,6103280.382751474,0,1.6000000001567487,0.4
3956,5997,710508.0567269376,6103280.0199478865,0,1.6000000001567487,0.4
3956,5998,710507.8882824152,6103279.657144301,0,1.6000000001567487,0.4
3956,5999,710507.7198378928,6103279.294340713,0,1.6000000001567487,0.4
3956,6000,710507.5513933704,6103278.931537127,0,1.6000000001567487,0.4
3956,6001,710507.382948848,6103278.568733539,0,1.6000000001567487,0.4
3956,6002,710507.2145043255,6103278.205929954,0,1.6000000001567487,0.4
3956,6003,710507.0460598031,6103277.843126366,0,1.6000000001567487,0.4
3956,6004,710506.8776152807,6103277.48032278,0,1.6000000001567487,0.4
3956,6005,710506.7091707583,6103277.117519192,0,1.6000000001567487,0.4
3956,6006,710506.5407262358,6103276.754715607,0,1.6000000001567487,0.4
3956,6007,710506.3722817134,6103276.391912019,0,1.6000000001567487,0.4
3956,6008,710506.203837191,6103276.029108433,0,1.6000000001567487,0.4
3956,6009,710506.0353926686,6103275.666304845,0,1.6000000001567487,0.4
3956,6010,710505.8669481461,6103275.30350126,0,1.6000000001567487,0.4
3956,6011,710505.6985036237,6103274.940697672,0,1.6000000001567487,0.4
3956,6012,710505.5300591013,6103274.577894086,0,1.6000000001567487,0.4
3956,6013,710505.3616145789,6103274.215090498,0,1.6000000001567487,0.4
3956,6014,710505.1931700564,6103273.8522869125,0,1.6000000001567487,0.4
3956,6015,710505.024725534,6103273.489483325,0,1.6000000001567487,0.4
3956,6016,710504.8562810116,6103273.126679739,0,1.6000000001567487,0.4
3956,6017,710504.6878364892,6103272.763876151,0,1.6000000001567487,0.4
3956,6018,710504.5193919668,6103272.4010725655,0,1.6000000001567487,0.4
3956,6019,710504.3509474443,6103272.038268978,0,1.6000000001567487,0.4
3956,6020,710504.1825029219,6103271.675465392,0,1.6000000001567487,0.4
3956,6021,710504.0140583995,6103271.312661804,0,1.6000000001567487,0.4
3956,6022,710503.845613877,6103270.949858218,0,1.6000000001567487,0.4
3956,6023,710503.6771693546,6103270.587054631,0,1.6000000001567487,0.4
3956,6024,710503.5087248322,6103270.224251045,0,1.6000000001567487,0.4
3956,6025,710503.3402803098,6103269.861447457,0,1.6000000001567487,0.4
3956,6026,710503.1718357874,6103269.498643871,0,1.6000000001567487,0.4
3956,6027,710503.0033912649,6103269.135840284,0,1.6000000001567487,0.4
3956,6028,710502.8349467425,6103268.773036698,0,1.6000000001567487,0.4
3956,6029,710502.6665022201,6103268.41023311,0,1.6000000001567487,0.4
3956,6030,710502.4980576977,6103268.047429524,0,1.6000000001567487,0.4
3956,6031,710502.3296131752,6103267.684625937,0,1.6000000001567487,0.4
3956,6032,710502.1611686528,6103267.321822351,0,1.6000000001567487,0.4
3956,6033,710501.9927241304,6103266.959018763,0,1.6000000001567487,0.4
3956,6034,710501.824279608,6103266.596215177,0,1.6000000001567487,0.4
3956,6035,710501.6558350855,6103266.23341159,0,1.6000000001567487,0.4
3956,6036,710501.4873905631,6103265.870608004,0,1.6000000001567487,0.4
3956,6037,710501.3189460407,6103265.507804416,0,1.6000000001567487,0.4
3956,6038,710501.1505015183,6103265.14500083,0,1.6000000001567487,0.4
3956,6039,710500.9820569959,6103264.782197243,0,1.6000000001567487,0.4
3956,6040,710500.8136124734,6103264.419393657,0,1.6000000001567487,0.4
3956,6041,710500.645167951,6103264.056590069,0,1.6000000001567487,0.4
3956,6042,710500.4767234286,6103263.693786483,0,1.6000000001567487,0.4
3956,6043,710500.3082789062,6103263.330982896,0,1.6000000001567487,0.4
3956,6044,710500.1398343837,6103262.96817931,0,1.6000000001567487,0.4
3956,6045,710499.9713898613,6103262.605375722,0,1.6000000001567487,0.4
3956,6046,710499.8029453389,6103262.242572136,0,1.6000000001567487,0.4
3956,6047,710499.6345008165,6103261.8797685485,0,1.6000000001567487,0.4
3956,6048,710499.466056294,6103261.516964963,0,1.6000000001567487,0.4
3956,6049,710499.2976117716,6103261.154161375,0,1.6000000001567487,0.4
3956,6050,710499.1291672492,6103260.791357789,0,1.6000000001567487,0.4
3956,6051,710498.9607227268,6103260.4285542015,0,1.6000000001567487,0.4
3956,6052,710498.7922782043,6103260.065750616,0,1.6000000001567487,0.4
3956,6053,710498.6238336819,6103259.702947028,0,1.6000000001567487,0.4
3956,6054,710498.4553891595,6103259.340143442,0,1.6000000001567487,0.4
3956,6055,710498.2869446371,6103258.977339854,0,1.6000000001567487,0.4
3956,6056,710498.1185001147,6103258.614536269,0,1.6000000001567487,0.4
3956,6057,710497.9500555922,6103258.251732681,0,1.6000000001567487,0.4
3956,6058,710497.7816110698,6103257.888929095,0,1.6000000001567487,0.4
3956,6059,710497.6131665474,6103257.526125507,0,1.6000000001567487,0.4
3956,6060,710497.444722025,6103257.163321922,0,1.6000000001567487,0.4
3956,6061,710497.2762775025,6103256.800518334,0,1.6000000001567487,0.4
3956,6062,710497.1078329801,6103256.437714748,0,1.6000000001567487,0.4
3956,6063,710496.9393884577,6103256.07491116,0,1.6000000001567487,0.4
3956,6064,710496.7709439353,6103255.712107575,0,1.6000000001567487,0.4
3956,6065,710496.6024994128,6103255.349303987,0,1.6000000001567487,0.4
3956,6066,710496.4340548904,6103254.986500401,0,1.6000000001567487,0.4
3956,6067,710496.265610368,6103254.623696813,0,1.6000000001567487,0.4
3956,6068,710496.0971658456,6103254.2608932275,0,1.6000000001567487,0.4
3956,6069,710495.9287213231,6103253.89808964,0,1.6000000001567487,0.4
3956,6070,710495.7602768007,6103253.535286054,0,1.6000000001567487,0.4
3956,6071,710495.5918322783,6103253.172482466,0,1.6000000001567487,0.4
3956,6072,710495.4233877559,6103252.8096788805,0,1.6000000001567487,0.4
3956,6073,710495.2549432334,6103252.446875293,0,1.6000000001567487,0.4
3956,6074,710495.086498711,6103252.084071707,0,1.6000000001567487,0.4
3956,6075,710494.9180541886,6103251.721268119,0,1.6000000001567487,0.4
3956,6076,710494.7496096662,6103251.358464533,0,1.6000000001567487,0.4
3956,6077,710494.581165144,6103250.995660946,0,1.6000000001567487,0.4
3956,6078,710494.4127206216,6103250.63285736,0,1.6000000001567487,0.4
3956,6079,710494.2442760994,6103250.270053772,0,1.6000000001567487,0.4
3956,6080,710494.075831577,6103249.907250186,0,1.6000000001567487,0.4
3956,6081,710493.9073870548,6103249.544446599,0,1.6000000001567487,0.4
3956,6082,710493.7389425323,6103249.181643013,0,1.6000000001567487,0.4
3956,6083,710493.5704980101,6103248.818839425,0,1.6000000001567487,0.4
3956,6084,710493.4020534877,6103248.456035839,0,1.6000000001567487,0.4
3956,6085,710493.2336089655,6103248.093232252,0,1.6000000001567487,0.4
3956,6086,710493.0651644431,6103247.730428666,0,1.6000000001567487,0.4
3956,6087,710492.8967199209,6103247.367625078,0,1.6000000001567487,0.4
3956,6088,710492.7282753985,6103247.004821492,0,1.6000000001567487,0.4
3956,6089,710492.5598308763,6103246.642017905,0,1.6000000001567487,0.4
3956,6090,710492.3913863539,6103246.279214319,0,1.6000000001567487,0.4
3956,6091,710492.2229418317,6103245.916410731,0,1.6000000001567487,0.4
3956,6092,710492.0544973093,6103245.553607145,0,1.6000000001567487,0.4
3956,6093,710491.8860527871,6103245.190803558,0,1.6000000001567487,0.4
3956,6094,710491.7176082646,6103244.827999972,0,1.6000000001567487,0.4
3956,6095,710491.5491637425,6103244.465196384,0,1.6000000001567487,0.4
3956,6096,710491.38071922,6103244.102392798,0,1.6000000001567487,0.4
3956,6097,710491.2122746978,6103243.739589211,0,1.6000000001567487,0.4
3956,6098,710491.0438301754,6103243.376785625,0,1.6000000001567487,0.4
3956,6099,710490.8753856532,6103243.013982037,0,1.6000000001567487,0.4
3956,6100,710490.7069411308,6103242.651178451,0,1.6000000001567487,0.4
3956,6101,710490.5384966086,6103242.288374864,0,1.6000000001567487,0.4
3956,6102,710490.3700520862,6103241.925571278,0,1.6000000001567487,0.4
3956,6103,710490.201607564,6103241.56276769,0,1.6000000001567487,0.4
3956,6104,710490.0331630416,6103241.199964104,0,1.6000000001567487,0.4
3956,6105,710489.8647185194,6103240.8371605165,0,1.6000000001567487,0.4
3956,6106,710489.696273997,6103240.474356931,0,1.6000000001567487,0.4
3956,6107,710489.5278294748,6103240.111553343,0,1.6000000001567487,0.4
3956,6108,710489.3593849523,6103239.748749757,0,1.6000000001567487,0.4
3956,6109,710489.1909404302,6103239.3859461695,0,1.6000000001567487,0.4
3956,6110,710489.0224959077,6103239.023142584,0,1.6000000001567487,0.4
3956,6111,710488.8540513855,6103238.660338996,0,1.6000000001567487,0.4
3956,6112,710488.6856068631,6103238.29753541,0,1.6000000001567487,0.4
3956,6113,710488.5171623409,6103237.934731822,0,1.6000000001567487,0.4
3956,6114,710488.3487178185,6103237.571928237,0,1.6000000001567487,0.4
3956,6115,710488.1802732963,6103237.209124649,0,1.6000000001567487,0.4
3956,6116,710488.0118287739,6103236.846321063,0,1.6000000001567487,0.4
3956,6117,710487.8433842517,6103236.483517475,0,1.6000000001567487,0.4
3956,6118,710487.6749397293,6103236.12071389,0,1.6000000001567487,0.4
3956,6119,710487.5064952071,6103235.757910302,0,1.6000000001567487,0.4
3956,6120,710487.3380506847,6103235.395106716,0,1.6000000001567487,0.4
3956,6121,710487.1696061625,6103235.032303128,0,1.6000000001567487,0.4
3956,6122,710487.00116164,6103234.669499543,0,1.6000000001567487,0.4
3956,6123,710486.8327171179,6103234.306695955,0,1.6000000001567487,0.4
3956,6124,710486.6642725954,6103233.943892369,0,1.6000000001567487,0.4
3956,6125,710486.4958280732,6103233.581088781,0,1.6000000001567487,0.4
3956,6126,710486.3273835508,6103233.2182851955,0,1.6000000001567487,0.4
3956,6127,710486.1589390286,6103232.855481608,0,1.6000000001567487,0.4
3956,6128,710485.9904945062,6103232.492678022,0,1.6000000001567487,0.4
3956,6129,710485.822049984,6103232.129874434,0,1.6000000001567487,0.4
3956,6130,710485.6536054616,6103231.767070848,0,1.6000000001567487,0.4
3956,6131,710485.4851609394,6103231.404267261,0,1.6000000001567487,0.4
3956,6132,710485.316716417,6103231.041463673,0,1.6000000001567487,0.4
3956,6133,710485.1482718948,6103230.678660085,0,1.6000000001567487,0.4
3956,6134,710484.9798273724,6103230.315856499,0,1.6000000001567487,0.4
3956,6135,710484.8113828502,6103229.953052912,0,1.6000000001567487,0.4
3956,6136,710484.6429383277,6103229.590249324,0,1.6000000001567487,0.4
3956,6137,710484.4744938056,6103229.2274457365,0,1.6000000001567487,0.4
3956,6138,710484.3060492831,6103228.86464215,0,1.6000000001567487,0.4
3956,6139,710484.1376047609,6103228.501838563,0,1.6000000001567487,0.4
3956,6140,710483.9691602385,6103228.139034975,0,1.6000000001567487,0.4
3956,6141,710483.8007157163,6103227.776231388,0,1.6000000001567487,0.4
3956,6142,710483.6322711939,6103227.413427801,0,1.6000000001567487,0.4
3956,6143,710483.4638266717,6103227.050624214,0,1.6000000001567487,0.4
3956,6144,710483.2953821493,6103226.687820626,0,1.6000000001567487,0.4
3956,6145,710483.1269376271,6103226.325017039,0,1.6000000001567487,0.4
3956,6146,710482.9584931047,6103225.962213452,0,1.6000000001567487,0.4
3956,6147,710482.7900485825,6103225.599409865,0,1.6000000001567487,0.4
3956,6148,710482.62160406,6103225.2366062775,0,1.6000000001567487,0.4
3956,6149,710482.4531595379,6103224.87380269,0,1.6000000001567487,0.4
3956,6150,710482.2847150154,6103224.510999103,0,1.6000000001567487,0.4
3956,6151,710482.1162704933,6103224.148195516,0,1.6000000001567487,0.4
3956,6152,710481.9478259708,6103223.785391929,0,1.6000000001567487,0.4
3956,6153,710481.7793814486,6103223.422588341,0,1.6000000001567487,0.4
3956,6154,710481.6109369262,6103223.059784754,0,1.6000000001567487,0.4
3956,6155,710481.442492404,6103222.696981167,0,1.6000000001567487,0.4
3956,6156,710481.2740478816,6103222.33417758,0,1.6000000001567487,0.4
3956,6157,710481.1056033594,6103221.971373992,0,1.6000000001567487,0.4
3956,6158,710480.937158837,6103221.608570405,0,1.6000000001567487,0.4
3956,6159,710480.7687143148,6103221.2457668185,0,1.6000000001567487,0.4
3956,6160,710480.6002697924,6103220.882963231,0,1.6000000001567487,0.4
3956,6161,710480.4318252702,6103220.520159644,0,1.6000000001567487,0.4
3956,6162,710480.2633807478,6103220.157356057,0,1.6000000001567487,0.4
3956,6163,710480.0949362256,6103219.79455247,0,1.6000000001567487,0.4
3956,6164,710479.9264917031,6103219.431748882,0,1.6000000001567487,0.4
3956,6165,710479.758047181,6103219.068945295,0,1.6000000001567487,0.4
3956,6166,710479.5896026585,6103218.706141708,0,1.6000000001567487,0.4
3956,6167,710479.4211581363,6103218.343338121,0,1.6000000001567487,0.4
3956,6168,710479.2527136139,6103217.980534533,0,1.6000000001567487,0.4
3956,6169,710479.0842690917,6103217.617730946,0,1.6000000001567487,0.4
3956,6170,710478.9158245693,6103217.2549273595,0,1.6000000001567487,0.4
3956,6171,710478.7473800471,6103216.892123772,0,1.6000000001567487,0.4
3956,6172,710478.5789355247,6103216.529320184,0,1.6000000001567487,0.4
3956,6173,710478.4104910025,6103216.166516597,0,1.6000000001567487,0.4
3956,6174,710478.2420464801,6103215.803713011,0,1.6000000001567487,0.4
3956,6175,710478.0736019579,6103215.440909423,0,1.6000000001567487,0.4
3956,6176,710477.9051574355,6103215.078105835,0,1.6000000001567487,0.4
3956,6177,710477.7367129133,6103214.7153022485,0,1.6000000001567487,0.4
3956,6178,710477.5682683908,6103214.352498662,0,1.6000000001567487,0.4
3956,6179,710477.3998238686,6103213.989695074,0,1.6000000001567487,0.4
3956,6180,710477.2313793462,6103213.626891486,0,1.6000000001567487,0.4
3956,6181,710477.062934824,6103213.2640879,0,1.6000000001567487,0.4
3956,6182,710476.8944903016,6103212.901284313,0,1.6000000001567487,0.4
3956,6183,710476.7260457794,6103212.538480725,0,1.6000000001567487,0.4
3956,6184,710476.557601257,6103212.175677137,0,1.6000000001567487,0.4
3956,6185,710476.3891567348,6103211.812873551,0,1.6000000001567487,0.4
3956,6186,710476.2207122124,6103211.450069964,0,1.6000000001567487,0.4
3956,6187,710476.0522676902,6103211.087266376,0,1.6000000001567487,0.4
3956,6188,710475.8838231678,6103210.724462789,0,1.6000000001567487,0.4
3956,6189,710475.7153786456,6103210.361659202,0,1.6000000001567487,0.4
3956,6190,710475.5469341232,6103209.998855615,0,1.6000000001567487,0.4
3956,6191,710475.378489601,6103209.636052027,0,1.6000000001567487,0.4
3956,6192,710475.2100450785,6103209.273248441,0,1.6000000001567487,0.4
3956,6193,710475.0416005563,6103208.910444854,0,1.6000000001567487,0.4
3956,6194,710474.8731560339,6103208.547641266,0,1.6000000001567487,0.4
3956,6195,710474.7047115117,6103208.184837678,0,1.6000000001567487,0.4
3956,6196,710474.5362669893,6103207.822034092,0,1.6000000001567487,0.4
3956,6197,710474.3678224671,6103207.459230505,0,1.6000000001567487,0.4
3956,6198,710474.1993779447,6103207.096426917,0,1.6000000001567487,0.4
3956,6199,710474.0309334225,6103206.73362333,0,1.6000000001567487,0.4
3956,6200,710473.8624889001,6103206.370819743,0,1.6000000001567487,0.4
3956,6201,710473.6940443779,6103206.008016156,0,1.6000000001567487,0.4
3956,6202,710473.5255998555,6103205.645212568,0,1.6000000001567487,0.4
3956,6203,710473.3571553333,6103205.282408981,0,1.6000000001567487,0.4
3956,6204,710473.1887108108,6103204.919605394,0,1.6000000001567487,0.4
3956,6205,710473.0202662887,6103204.556801807,0,1.6000000001567487,0.4
3956,6206,710472.8518217662,6103204.193998219,0,1.6000000001567487,0.4
3956,6207,710472.683377244,6103203.831194632,0,1.6000000001567487,0.4
3956,6208,710472.5149327216,6103203.468391045,0,1.6000000001567487,0.4
3956,6209,710472.3464881994,6103203.105587458,0,1.6000000001567487,0.4
3956,6210,710472.178043677,6103202.742783871,0,1.6000000001567487,0.4
3956,6211,710472.0095991548,6103202.379980283,0,1.6000000001567487,0.4
3956,6212,710471.8411546324,6103202.017176696,0,1.6000000001567487,0.4
3956,6213,710471.6727101102,6103201.654373109,0,1.6000000001567487,0.4
3956,6214,710471.5042655878,6103201.291569522,0,1.6000000001567487,0.4
3956,6215,710471.3358210656,6103200.928765934,0,1.6000000001567487,0.4
3956,6216,710471.1673765432,6103200.565962347,0,1.6000000001567487,0.4
3956,6217,710470.998932021,6103200.20315876,0,1.6000000001567487,0.4
3956,6218,710470.8304874985,6103199.840355173,0,1.6000000001567487,0.4
3956,6219,710470.6620429764,6103199.477551585,0,1.6000000001567487,0.4
3956,6220,710470.4935984539,6103199.114747998,0,1.6000000001567487,0.4
3956,6221,710470.3251539317,6103198.751944412,0,1.6000000001567487,0.4
3956,6222,710470.1567094093,6103198.389140824,0,1.6000000001567487,0.4
3956,6223,710469.9882648871,6103198.026337237,0,1.6000000001567487,0.4
3956,6224,710469.8198203647,6103197.66353365,0,1.6000000001567487,0.4
3956,6225,710469.6513758425,6103197.300730063,0,1.6000000001567487,0.4
3956,6226,710469.4829313201,6103196.937926475,0,1.6000000001567487,0.4
3956,6227,710469.3144867979,6103196.575122888,0,1.6000000001567487,0.4
3956,6228,710469.1460422755,6103196.212319301,0,1.6000000001567487,0.4
3956,6229,710468.9775977533,6103195.849515714,0,1.6000000001567487,0.4
3956,6230,710468.8091532309,6103195.486712126,0,1.6000000001567487,0.4
3956,6231,710468.6407087087,6103195.123908539,0,1.6000000001567487,0.4
3956,6232,710468.4722641862,6103194.761104953,0,1.6000000001567487,0.4
3956,6233,710468.303819664,6103194.398301365,0,1.6000000001567487,0.4
3956,6234,710468.1353751416,6103194.035497777,0,1.6000000001567487,0.4
3956,6235,710467.9669306194,6103193.67269419,0,1.6000000001567487,0.4
3956,6236,710467.798486097,6103193.309890604,0,1.6000000001567487,0.4
3956,6237,710467.6300415748,6103192.947087016,0,1.6000000001567487,0.4
3956,6238,710467.4615970524,6103192.584283428,0,1.6000000001567487,0.4
3956,6239,710467.2931525302,6103192.2214798415,0,1.6000000001567487,0.4
3956,6240,710467.1247080078,6103191.858676255,0,1.6000000001567487,0.4
3956,6241,710466.9562634856,6103191.495872667,0,1.6000000001567487,0.4
3956,6242,710466.7878189632,6103191.133069079,0,1.6000000001567487,0.4
3956,6243,710466.619374441,6103190.770265493,0,1.6000000001567487,0.4
3956,6244,710466.4509299186,6103190.407461906,0,1.6000000001567487,0.4
3956,6245,710466.2824853964,6103190.044658318,0,1.6000000001567487,0.4
3956,6246,710466.114040874,6103189.6818547305,0,1.6000000001567487,0.4
3956,6247,710465.9455963518,6103189.319051144,0,1.6000000001567487,0.4
3956,6248,710465.7771518293,6103188.956247557,0,1.6000000001567487,0.4
3956,6249,710465.6087073071,6103188.593443969,0,1.6000000001567487,0.4
3956,6250,710465.4402627847,6103188.230640382,0,1.6000000001567487,0.4
3956,6251,710465.2718182625,6103187.867836795,0,1.6000000001567487,0.4
3956,6252,710465.1033737401,6103187.505033208,0,1.6000000001567487,0.4
3956,6253,710464.9349292177,6103187.14222962,0,1.6000000001567487,0.4
3956,6254,710464.7664846954,6103186.779426033,0,1.6000000001567487,0.4
3956,6255,710464.6822623562,6103186.598024072,0,1.6000000001567487,0.4
